<?xml version="1.0" encoding="UTF-8"?><!DOCTYPE classes SYSTEM "classes.dtd"> <classes><set_1_A><Course><Name>CIVL1011</Name><Day>Thu</Day><Start_Time>1030</Start_Time><End_Time>1120</End_Time><Start_Date>04 Sep 2018</Start_Date><End_Date>07 Dec 2018</End_Date><Room>SW01 1021</Room><Max>84</Max><Act>81</Act><Hrs>0.83</Hrs><Teacher>Nishimura, Kim</Teacher><Teacher>Gaudet, Jacquie</Teacher><Teacher>Chong, Phyllis Lok-Ting</Teacher></Course><Course><Name>CIVL1011</Name><Day>Tue</Day><Start_Time>1230</Start_Time><End_Time>1420</End_Time><Start_Date>05 Sep 2018</Start_Date><End_Date>07 Dec 2018</End_Date><Room>SE12 318</Room><Max>21</Max><Act>21</Act><Hrs>1.83</Hrs><Teacher>Chong, Phyllis Lok-Ting</Teacher><Teacher>* Gaudet, Jacquie</Teacher><Teacher>Nishimura, Kim</Teacher></Course><Course><Name>CIVL1020</Name><Day>Mon</Day><Start_Time>830</Start_Time><End_Time>1020</End_Time><Start_Date>04 Sep 2018</Start_Date><End_Date>07 Dec 2018</End_Date><Room>SW01 1021</Room><Max>84</Max><Act>81</Act><Hrs>1.83</Hrs><Teacher>Talukdar, Sudip</Teacher><Teacher>* Chong, Phyllis Lok-Ting</Teacher></Course><Course><Name>CIVL1020</Name><Day>Thu</Day><Start_Time>830</Start_Time><End_Time>920</End_Time><Start_Date>04 Sep 2018</Start_Date><End_Date>07 Dec 2018</End_Date><Room>SW01 1021</Room><Max>84</Max><Act>81</Act><Hrs>0.83</Hrs><Teacher>Chong, Phyllis Lok-Ting</Teacher><Teacher>Talukdar, Sudip</Teacher></Course><Course><Name>CIVL1020</Name><Day>Thu</Day><Start_Time>1330</Start_Time><End_Time>1520</End_Time><Start_Date>04 Sep 2018</Start_Date><End_Date>07 Dec 2018</End_Date><Room>SW01 2016</Room><Max>21</Max><Act>21</Act><Hrs>1.83</Hrs><Teacher>Talukdar, Sudip</Teacher><Teacher>* Chong, Phyllis Lok-Ting</Teacher></Course><Course><Name>CIVL1024</Name><Day>Mon</Day><Start_Time>1430</Start_Time><End_Time>1620</End_Time><Start_Date>04 Sep 2018</Start_Date><End_Date>07 Dec 2018</End_Date><Room>SW03 2695</Room><Max>21</Max><Act>20</Act><Hrs>1.83</Hrs><Teacher>Wong, David</Teacher><Teacher>* Gaudet, Jacquie</Teacher><Teacher>* Gaudet, Jacquie</Teacher><Teacher>* Wong, David</Teacher></Course><Course><Name>CIVL1060</Name><Day>Tue</Day><Start_Time>830</Start_Time><End_Time>920</End_Time><Start_Date>05 Sep 2018</Start_Date><End_Date>07 Dec 2018</End_Date><Room>SW03 1750</Room><Max>84</Max><Act>81</Act><Hrs>0.83</Hrs><Teacher>Bielenberg, Jan</Teacher></Course><Course><Name>CIVL1060</Name><Day>Wed</Day><Start_Time>1030</Start_Time><End_Time>1120</End_Time><Start_Date>04 Sep 2018</Start_Date><End_Date>07 Dec 2018</End_Date><Room>SW01 2010</Room><Max>21</Max><Act>21</Act><Hrs>0.83</Hrs><Teacher>Bielenberg, Jan</Teacher></Course><Course><Name>CIVL1060</Name><Day>Fri</Day><Start_Time>830</Start_Time><End_Time>1020</End_Time><Start_Date>04 Sep 2018</Start_Date><End_Date>07 Dec 2018</End_Date><Room>SW03 3695</Room><Max>42</Max><Act>42</Act><Hrs>1.83</Hrs><Teacher>Zeleschuk, Ken</Teacher><Teacher>Bielenberg, Jan</Teacher></Course><Course><Name>COMM1142</Name><Day>Mon</Day><Start_Time>1330</Start_Time><End_Time>1420</End_Time><Start_Date>04 Sep 2018</Start_Date><End_Date>07 Dec 2018</End_Date><Room>SW03 1750</Room><Max>84</Max><Act>78</Act><Hrs>0.83</Hrs><Teacher>Storm, John Kenneth</Teacher></Course><Course><Name>COMM1142</Name><Day>Tue</Day><Start_Time>930</Start_Time><End_Time>1120</End_Time><Start_Date>05 Sep 2018</Start_Date><End_Date>07 Dec 2018</End_Date><Room>SW03 4785</Room><Max>21</Max><Act>22</Act><Hrs>1.83</Hrs><Teacher>Storm, John Kenneth</Teacher></Course><Course><Name>MATH1422</Name><Day>Thu</Day><Start_Time>930</Start_Time><End_Time>1020</End_Time><Start_Date>04 Sep 2018</Start_Date><End_Date>07 Dec 2018</End_Date><Room>SW01 1021</Room><Max>84</Max><Act>78</Act><Hrs>0.83</Hrs><Teacher>Crema, Erika</Teacher></Course><Course><Name>MATH1422</Name><Day>Fri</Day><Start_Time>1330</Start_Time><End_Time>1520</End_Time><Start_Date>04 Sep 2018</Start_Date><End_Date>07 Dec 2018</End_Date><Room>NE01 331</Room><Max>84</Max><Act>78</Act><Hrs>1.83</Hrs><Teacher>Crema, Erika</Teacher></Course><Course><Name>MATH1422</Name><Day>Wed</Day><Start_Time>930</Start_Time><End_Time>1020</End_Time><Start_Date>04 Sep 2018</Start_Date><End_Date>07 Dec 2018</End_Date><Room>SE12 313</Room><Max>21</Max><Act>20</Act><Hrs>0.83</Hrs><Teacher>Crema, Erika</Teacher></Course><Course><Name>MATH1422</Name><Day>Thu</Day><Start_Time>1230</Start_Time><End_Time>1320</End_Time><Start_Date>04 Sep 2018</Start_Date><End_Date>07 Dec 2018</End_Date><Room>SW01 1021</Room><Max>42</Max><Act>41</Act><Hrs>0.83</Hrs><Teacher>Crema, Erika</Teacher></Course><Course><Name>ORNT0030</Name><Day>Tue</Day><Start_Time>1200</Start_Time><End_Time>1315</End_Time><Start_Date>04 Sep 2018</Start_Date><End_Date>04 Sep 2018</End_Date><Room>SW01 1021</Room><Max>300</Max><Act>81</Act><Hrs>1.25</Hrs><Teacher>,</Teacher></Course><Course><Name>PHYS1192</Name><Day>Mon</Day><Start_Time>1030</Start_Time><End_Time>1220</End_Time><Start_Date>04 Sep 2018</Start_Date><End_Date>07 Dec 2018</End_Date><Room>SW01 1021</Room><Max>84</Max><Act>74</Act><Hrs>1.83</Hrs><Teacher>Dunphy, Kevin</Teacher></Course><Course><Name>PHYS1192</Name><Day>Wed</Day><Start_Time>830</Start_Time><End_Time>920</End_Time><Start_Date>04 Sep 2018</Start_Date><End_Date>07 Dec 2018</End_Date><Room>SW01 1021</Room><Max>84</Max><Act>74</Act><Hrs>0.83</Hrs><Teacher>Dunphy, Kevin</Teacher></Course><Course><Name>PHYS1192</Name><Day>Fri</Day><Start_Time>1030</Start_Time><End_Time>1220</End_Time><Start_Date>04 Sep 2018</Start_Date><End_Date>07 Dec 2018</End_Date><Room>SW03 4710</Room><Max>21</Max><Act>19</Act><Hrs>1.83</Hrs><Teacher>Dunphy, Kevin</Teacher></Course><Course><Name>SURV1130</Name><Day>Wed</Day><Start_Time>1230</Start_Time><End_Time>1420</End_Time><Start_Date>04 Sep 2018</Start_Date><End_Date>07 Dec 2018</End_Date><Room>SE06 109</Room><Max>21</Max><Act>20</Act><Hrs>1.83</Hrs><Teacher>Scott, Robert</Teacher><Teacher>Cowan, James David</Teacher></Course><Course><Name>SURV1130</Name><Day>Tue</Day><Start_Time>1430</Start_Time><End_Time>1520</End_Time><Start_Date>05 Sep 2018</Start_Date><End_Date>07 Dec 2018</End_Date><Room>SW01 1025</Room><Max>84</Max><Act>80</Act><Hrs>0.83</Hrs><Teacher>Scott, Robert</Teacher></Course></set_1_A><set_1_B><Course><Name>CIVL1011</Name><Day>Thu</Day><Start_Time>1030</Start_Time><End_Time>1120</End_Time><Start_Date>04 Sep 2018</Start_Date><End_Date>07 Dec 2018</End_Date><Room>SW01 1021</Room><Max>84</Max><Act>81</Act><Hrs>0.83</Hrs><Teacher>Nishimura, Kim</Teacher><Teacher>Chong, Phyllis Lok-Ting</Teacher><Teacher>Gaudet, Jacquie</Teacher></Course><Course><Name>CIVL1011</Name><Day>Wed</Day><Start_Time>1230</Start_Time><End_Time>1420</End_Time><Start_Date>04 Sep 2018</Start_Date><End_Date>07 Dec 2018</End_Date><Room>SE12 320</Room><Max>21</Max><Act>21</Act><Hrs>1.83</Hrs><Teacher>Gaudet, Jacquie</Teacher><Teacher>Chong, Phyllis Lok-Ting</Teacher><Teacher>Nishimura, Kim</Teacher></Course><Course><Name>CIVL1020</Name><Day>Mon</Day><Start_Time>830</Start_Time><End_Time>1020</End_Time><Start_Date>04 Sep 2018</Start_Date><End_Date>07 Dec 2018</End_Date><Room>SW01 1021</Room><Max>84</Max><Act>81</Act><Hrs>1.83</Hrs><Teacher>Talukdar, Sudip</Teacher><Teacher>* Chong, Phyllis Lok-Ting</Teacher></Course><Course><Name>CIVL1020</Name><Day>Thu</Day><Start_Time>830</Start_Time><End_Time>920</End_Time><Start_Date>04 Sep 2018</Start_Date><End_Date>07 Dec 2018</End_Date><Room>SW01 1021</Room><Max>84</Max><Act>81</Act><Hrs>0.83</Hrs><Teacher>Chong, Phyllis Lok-Ting</Teacher><Teacher>Talukdar, Sudip</Teacher></Course><Course><Name>CIVL1020</Name><Day>Thu</Day><Start_Time>1330</Start_Time><End_Time>1520</End_Time><Start_Date>04 Sep 2018</Start_Date><End_Date>07 Dec 2018</End_Date><Room>SW01 2016</Room><Max>21</Max><Act>21</Act><Hrs>1.83</Hrs><Teacher>Talukdar, Sudip</Teacher><Teacher>* Chong, Phyllis Lok-Ting</Teacher></Course><Course><Name>CIVL1024</Name><Day>Tue</Day><Start_Time>1230</Start_Time><End_Time>1420</End_Time><Start_Date>05 Sep 2018</Start_Date><End_Date>07 Dec 2018</End_Date><Room>SW03 3695</Room><Max>21</Max><Act>21</Act><Hrs>1.83</Hrs><Teacher>Gaudet, Jacquie</Teacher><Teacher>* Wong, David</Teacher><Teacher>* Wong, David</Teacher><Teacher>* Gaudet, Jacquie</Teacher></Course><Course><Name>CIVL1060</Name><Day>Tue</Day><Start_Time>830</Start_Time><End_Time>920</End_Time><Start_Date>05 Sep 2018</Start_Date><End_Date>07 Dec 2018</End_Date><Room>SW03 1750</Room><Max>84</Max><Act>81</Act><Hrs>0.83</Hrs><Teacher>Bielenberg, Jan</Teacher></Course><Course><Name>CIVL1060</Name><Day>Tue</Day><Start_Time>1030</Start_Time><End_Time>1120</End_Time><Start_Date>05 Sep 2018</Start_Date><End_Date>07 Dec 2018</End_Date><Room>SW01 3190</Room><Max>21</Max><Act>21</Act><Hrs>0.83</Hrs><Teacher>Bielenberg, Jan</Teacher></Course><Course><Name>CIVL1060</Name><Day>Fri</Day><Start_Time>830</Start_Time><End_Time>1020</End_Time><Start_Date>04 Sep 2018</Start_Date><End_Date>07 Dec 2018</End_Date><Room>SW03 3695</Room><Max>42</Max><Act>42</Act><Hrs>1.83</Hrs><Teacher>Bielenberg, Jan</Teacher><Teacher>* Zeleschuk, Ken</Teacher></Course><Course><Name>COMM1142</Name><Day>Mon</Day><Start_Time>1330</Start_Time><End_Time>1420</End_Time><Start_Date>04 Sep 2018</Start_Date><End_Date>07 Dec 2018</End_Date><Room>SW03 1750</Room><Max>84</Max><Act>78</Act><Hrs>0.83</Hrs><Teacher>Storm, John Kenneth</Teacher></Course><Course><Name>COMM1142</Name><Day>Mon</Day><Start_Time>1430</Start_Time><End_Time>1620</End_Time><Start_Date>04 Sep 2018</Start_Date><End_Date>07 Dec 2018</End_Date><Room>SW01 2010</Room><Max>21</Max><Act>18</Act><Hrs>1.83</Hrs><Teacher>Storm, John Kenneth</Teacher></Course><Course><Name>MATH1422</Name><Day>Thu</Day><Start_Time>930</Start_Time><End_Time>1020</End_Time><Start_Date>04 Sep 2018</Start_Date><End_Date>07 Dec 2018</End_Date><Room>SW01 1021</Room><Max>84</Max><Act>78</Act><Hrs>0.83</Hrs><Teacher>Crema, Erika</Teacher></Course><Course><Name>MATH1422</Name><Day>Fri</Day><Start_Time>1330</Start_Time><End_Time>1520</End_Time><Start_Date>04 Sep 2018</Start_Date><End_Date>07 Dec 2018</End_Date><Room>NE01 331</Room><Max>84</Max><Act>78</Act><Hrs>1.83</Hrs><Teacher>Crema, Erika</Teacher></Course><Course><Name>MATH1422</Name><Day>Thu</Day><Start_Time>1530</Start_Time><End_Time>1620</End_Time><Start_Date>04 Sep 2018</Start_Date><End_Date>07 Dec 2018</End_Date><Room>SW03 4725</Room><Max>21</Max><Act>21</Act><Hrs>0.83</Hrs><Teacher>Crema, Erika</Teacher></Course><Course><Name>MATH1422</Name><Day>Thu</Day><Start_Time>1230</Start_Time><End_Time>1320</End_Time><Start_Date>04 Sep 2018</Start_Date><End_Date>07 Dec 2018</End_Date><Room>SW01 1021</Room><Max>42</Max><Act>41</Act><Hrs>0.83</Hrs><Teacher>Crema, Erika</Teacher></Course><Course><Name>ORNT0030</Name><Day>Tue</Day><Start_Time>1200</Start_Time><End_Time>1315</End_Time><Start_Date>04 Sep 2018</Start_Date><End_Date>04 Sep 2018</End_Date><Room>SW01 1021</Room><Max>300</Max><Act>81</Act><Hrs>1.25</Hrs><Teacher>,</Teacher></Course><Course><Name>PHYS1192</Name><Day>Mon</Day><Start_Time>1030</Start_Time><End_Time>1220</End_Time><Start_Date>04 Sep 2018</Start_Date><End_Date>07 Dec 2018</End_Date><Room>SW01 1021</Room><Max>84</Max><Act>74</Act><Hrs>1.83</Hrs><Teacher>Dunphy, Kevin</Teacher></Course><Course><Name>PHYS1192</Name><Day>Wed</Day><Start_Time>830</Start_Time><End_Time>920</End_Time><Start_Date>04 Sep 2018</Start_Date><End_Date>07 Dec 2018</End_Date><Room>SW01 1021</Room><Max>84</Max><Act>74</Act><Hrs>0.83</Hrs><Teacher>Dunphy, Kevin</Teacher></Course><Course><Name>PHYS1192</Name><Day>Wed</Day><Start_Time>930</Start_Time><End_Time>1120</End_Time><Start_Date>04 Sep 2018</Start_Date><End_Date>07 Dec 2018</End_Date><Room>SW03 4770</Room><Max>21</Max><Act>18</Act><Hrs>1.83</Hrs><Teacher>Dunphy, Kevin</Teacher></Course><Course><Name>SURV1130</Name><Day>Fri</Day><Start_Time>1030</Start_Time><End_Time>1220</End_Time><Start_Date>04 Sep 2018</Start_Date><End_Date>07 Dec 2018</End_Date><Room>SW03 2745</Room><Max>21</Max><Act>21</Act><Hrs>1.83</Hrs><Teacher>Scott, Robert</Teacher><Teacher>Cowan, James David</Teacher></Course><Course><Name>SURV1130</Name><Day>Tue</Day><Start_Time>1430</Start_Time><End_Time>1520</End_Time><Start_Date>05 Sep 2018</Start_Date><End_Date>07 Dec 2018</End_Date><Room>SW01 1025</Room><Max>84</Max><Act>80</Act><Hrs>0.83</Hrs><Teacher>Scott, Robert</Teacher></Course></set_1_B><set_1_C><Course><Name>CIVL1011</Name><Day>Thu</Day><Start_Time>1030</Start_Time><End_Time>1120</End_Time><Start_Date>04 Sep 2018</Start_Date><End_Date>07 Dec 2018</End_Date><Room>SW01 1021</Room><Max>84</Max><Act>81</Act><Hrs>0.83</Hrs><Teacher>Nishimura, Kim</Teacher><Teacher>Chong, Phyllis Lok-Ting</Teacher><Teacher>Gaudet, Jacquie</Teacher></Course><Course><Name>CIVL1011</Name><Day>Wed</Day><Start_Time>930</Start_Time><End_Time>1120</End_Time><Start_Date>10 Sep 2018</Start_Date><End_Date>07 Dec 2018</End_Date><Room>SE12 321</Room><Max>21</Max><Act>19</Act><Hrs>1.83</Hrs><Teacher>Gaudet, Jacquie</Teacher><Teacher>* Kiani, Aiden</Teacher><Teacher>Chong, Phyllis Lok-Ting</Teacher><Teacher>Nishimura, Kim</Teacher></Course><Course><Name>CIVL1020</Name><Day>Mon</Day><Start_Time>830</Start_Time><End_Time>1020</End_Time><Start_Date>04 Sep 2018</Start_Date><End_Date>07 Dec 2018</End_Date><Room>SW01 1021</Room><Max>84</Max><Act>81</Act><Hrs>1.83</Hrs><Teacher>Talukdar, Sudip</Teacher><Teacher>* Chong, Phyllis Lok-Ting</Teacher></Course><Course><Name>CIVL1020</Name><Day>Thu</Day><Start_Time>830</Start_Time><End_Time>920</End_Time><Start_Date>04 Sep 2018</Start_Date><End_Date>07 Dec 2018</End_Date><Room>SW01 1021</Room><Max>84</Max><Act>81</Act><Hrs>0.83</Hrs><Teacher>Chong, Phyllis Lok-Ting</Teacher><Teacher>Talukdar, Sudip</Teacher></Course><Course><Name>CIVL1020</Name><Day>Mon</Day><Start_Time>1430</Start_Time><End_Time>1620</End_Time><Start_Date>04 Sep 2018</Start_Date><End_Date>07 Dec 2018</End_Date><Room>SW03 3675</Room><Max>21</Max><Act>19</Act><Hrs>1.83</Hrs><Teacher>Talukdar, Sudip</Teacher><Teacher>* Chong, Phyllis Lok-Ting</Teacher></Course><Course><Name>CIVL1024</Name><Day>Tue</Day><Start_Time>930</Start_Time><End_Time>1120</End_Time><Start_Date>05 Sep 2018</Start_Date><End_Date>07 Dec 2018</End_Date><Room>SW03 2695</Room><Max>21</Max><Act>19</Act><Hrs>1.83</Hrs><Teacher>Gaudet, Jacquie</Teacher><Teacher>* Wong, David</Teacher><Teacher>* Gaudet, Jacquie</Teacher><Teacher>* Wong, David</Teacher></Course><Course><Name>CIVL1060</Name><Day>Tue</Day><Start_Time>830</Start_Time><End_Time>920</End_Time><Start_Date>05 Sep 2018</Start_Date><End_Date>07 Dec 2018</End_Date><Room>SW03 1750</Room><Max>84</Max><Act>81</Act><Hrs>0.83</Hrs><Teacher>Bielenberg, Jan</Teacher></Course><Course><Name>CIVL1060</Name><Day>Fri</Day><Start_Time>1030</Start_Time><End_Time>1120</End_Time><Start_Date>04 Sep 2018</Start_Date><End_Date>07 Dec 2018</End_Date><Room>NE01 336</Room><Max>21</Max><Act>19</Act><Hrs>0.83</Hrs><Teacher>Bielenberg, Jan</Teacher></Course><Course><Name>CIVL1060</Name><Day>Wed</Day><Start_Time>1230</Start_Time><End_Time>1420</End_Time><Start_Date>04 Sep 2018</Start_Date><End_Date>07 Dec 2018</End_Date><Room>SW03 3695</Room><Max>42</Max><Act>39</Act><Hrs>1.83</Hrs><Teacher>Zeleschuk, Ken</Teacher><Teacher>Bielenberg, Jan</Teacher></Course><Course><Name>COMM1142</Name><Day>Mon</Day><Start_Time>1330</Start_Time><End_Time>1420</End_Time><Start_Date>04 Sep 2018</Start_Date><End_Date>07 Dec 2018</End_Date><Room>SW03 1750</Room><Max>84</Max><Act>78</Act><Hrs>0.83</Hrs><Teacher>Storm, John Kenneth</Teacher></Course><Course><Name>COMM1142</Name><Day>Tue</Day><Start_Time>1230</Start_Time><End_Time>1420</End_Time><Start_Date>05 Sep 2018</Start_Date><End_Date>07 Dec 2018</End_Date><Room>SW01 1080</Room><Max>21</Max><Act>19</Act><Hrs>1.83</Hrs><Teacher>Storm, John Kenneth</Teacher></Course><Course><Name>MATH1422</Name><Day>Thu</Day><Start_Time>930</Start_Time><End_Time>1020</End_Time><Start_Date>04 Sep 2018</Start_Date><End_Date>07 Dec 2018</End_Date><Room>SW01 1021</Room><Max>84</Max><Act>78</Act><Hrs>0.83</Hrs><Teacher>Crema, Erika</Teacher></Course><Course><Name>MATH1422</Name><Day>Fri</Day><Start_Time>1330</Start_Time><End_Time>1520</End_Time><Start_Date>04 Sep 2018</Start_Date><End_Date>07 Dec 2018</End_Date><Room>NE01 331</Room><Max>84</Max><Act>78</Act><Hrs>1.83</Hrs><Teacher>Crema, Erika</Teacher></Course><Course><Name>MATH1422</Name><Day>Fri</Day><Start_Time>1130</Start_Time><End_Time>1220</End_Time><Start_Date>04 Sep 2018</Start_Date><End_Date>07 Dec 2018</End_Date><Room>SE12 309</Room><Max>21</Max><Act>19</Act><Hrs>0.83</Hrs><Teacher>Crema, Erika</Teacher></Course><Course><Name>MATH1422</Name><Day>Thu</Day><Start_Time>1430</Start_Time><End_Time>1520</End_Time><Start_Date>04 Sep 2018</Start_Date><End_Date>07 Dec 2018</End_Date><Room>SW03 3615</Room><Max>42</Max><Act>37</Act><Hrs>0.83</Hrs><Teacher>Crema, Erika</Teacher></Course><Course><Name>ORNT0030</Name><Day>Tue</Day><Start_Time>1200</Start_Time><End_Time>1315</End_Time><Start_Date>04 Sep 2018</Start_Date><End_Date>04 Sep 2018</End_Date><Room>SW01 1021</Room><Max>300</Max><Act>81</Act><Hrs>1.25</Hrs><Teacher>,</Teacher></Course><Course><Name>PHYS1192</Name><Day>Mon</Day><Start_Time>1030</Start_Time><End_Time>1220</End_Time><Start_Date>04 Sep 2018</Start_Date><End_Date>07 Dec 2018</End_Date><Room>SW01 1021</Room><Max>84</Max><Act>74</Act><Hrs>1.83</Hrs><Teacher>Dunphy, Kevin</Teacher></Course><Course><Name>PHYS1192</Name><Day>Wed</Day><Start_Time>830</Start_Time><End_Time>920</End_Time><Start_Date>04 Sep 2018</Start_Date><End_Date>07 Dec 2018</End_Date><Room>SW01 1021</Room><Max>84</Max><Act>74</Act><Hrs>0.83</Hrs><Teacher>Dunphy, Kevin</Teacher></Course><Course><Name>PHYS1192</Name><Day>Thu</Day><Start_Time>1230</Start_Time><End_Time>1420</End_Time><Start_Date>04 Sep 2018</Start_Date><End_Date>07 Dec 2018</End_Date><Room>SW03 4710</Room><Max>21</Max><Act>19</Act><Hrs>1.83</Hrs><Teacher>Dunphy, Kevin</Teacher></Course><Course><Name>SURV1130</Name><Day>Fri</Day><Start_Time>830</Start_Time><End_Time>1020</End_Time><Start_Date>04 Sep 2018</Start_Date><End_Date>07 Dec 2018</End_Date><Room>SW03 2620</Room><Max>21</Max><Act>19</Act><Hrs>1.83</Hrs><Teacher>Scott, Robert</Teacher><Teacher>Cowan, James David</Teacher></Course><Course><Name>SURV1130</Name><Day>Tue</Day><Start_Time>1430</Start_Time><End_Time>1520</End_Time><Start_Date>05 Sep 2018</Start_Date><End_Date>07 Dec 2018</End_Date><Room>SW01 1025</Room><Max>84</Max><Act>80</Act><Hrs>0.83</Hrs><Teacher>Scott, Robert</Teacher></Course></set_1_C><set_1_D><Course><Name>CIVL1011</Name><Day>Thu</Day><Start_Time>1030</Start_Time><End_Time>1120</End_Time><Start_Date>04 Sep 2018</Start_Date><End_Date>07 Dec 2018</End_Date><Room>SW01 1021</Room><Max>84</Max><Act>81</Act><Hrs>0.83</Hrs><Teacher>Nishimura, Kim</Teacher><Teacher>Chong, Phyllis Lok-Ting</Teacher><Teacher>Gaudet, Jacquie</Teacher></Course><Course><Name>CIVL1011</Name><Day>Tue</Day><Start_Time>1030</Start_Time><End_Time>1220</End_Time><Start_Date>05 Sep 2018</Start_Date><End_Date>07 Dec 2018</End_Date><Room>SW03 2675</Room><Max>21</Max><Act>20</Act><Hrs>1.83</Hrs><Teacher>Gaudet, Jacquie</Teacher><Teacher>* Gaudet, Jacquie</Teacher><Teacher>* Chong, Phyllis Lok-Ting</Teacher><Teacher>* Chong, Phyllis Lok-Ting</Teacher><Teacher>* Nishimura, Kim</Teacher><Teacher>* Nishimura, Kim</Teacher></Course><Course><Name>CIVL1020</Name><Day>Mon</Day><Start_Time>830</Start_Time><End_Time>1020</End_Time><Start_Date>04 Sep 2018</Start_Date><End_Date>07 Dec 2018</End_Date><Room>SW01 1021</Room><Max>84</Max><Act>81</Act><Hrs>1.83</Hrs><Teacher>Talukdar, Sudip</Teacher><Teacher>* Chong, Phyllis Lok-Ting</Teacher></Course><Course><Name>CIVL1020</Name><Day>Thu</Day><Start_Time>830</Start_Time><End_Time>920</End_Time><Start_Date>04 Sep 2018</Start_Date><End_Date>07 Dec 2018</End_Date><Room>SW01 1021</Room><Max>84</Max><Act>81</Act><Hrs>0.83</Hrs><Teacher>Chong, Phyllis Lok-Ting</Teacher><Teacher>Talukdar, Sudip</Teacher></Course><Course><Name>CIVL1020</Name><Day>Mon</Day><Start_Time>1430</Start_Time><End_Time>1620</End_Time><Start_Date>04 Sep 2018</Start_Date><End_Date>07 Dec 2018</End_Date><Room>SW03 3675</Room><Max>21</Max><Act>20</Act><Hrs>1.83</Hrs><Teacher>Talukdar, Sudip</Teacher><Teacher>* Chong, Phyllis Lok-Ting</Teacher></Course><Course><Name>CIVL1024</Name><Day>Fri</Day><Start_Time>1030</Start_Time><End_Time>1220</End_Time><Start_Date>04 Sep 2018</Start_Date><End_Date>07 Dec 2018</End_Date><Room>SW03 3655</Room><Max>21</Max><Act>20</Act><Hrs>1.83</Hrs><Teacher>Gaudet, Jacquie</Teacher><Teacher>* Gaudet, Jacquie</Teacher></Course><Course><Name>CIVL1060</Name><Day>Tue</Day><Start_Time>830</Start_Time><End_Time>920</End_Time><Start_Date>05 Sep 2018</Start_Date><End_Date>07 Dec 2018</End_Date><Room>SW03 1750</Room><Max>84</Max><Act>81</Act><Hrs>0.83</Hrs><Teacher>Bielenberg, Jan</Teacher></Course><Course><Name>CIVL1060</Name><Day>Tue</Day><Start_Time>930</Start_Time><End_Time>1020</End_Time><Start_Date>05 Sep 2018</Start_Date><End_Date>07 Dec 2018</End_Date><Room>SW01 3190</Room><Max>21</Max><Act>20</Act><Hrs>0.83</Hrs><Teacher>Bielenberg, Jan</Teacher></Course><Course><Name>CIVL1060</Name><Day>Wed</Day><Start_Time>1230</Start_Time><End_Time>1420</End_Time><Start_Date>04 Sep 2018</Start_Date><End_Date>07 Dec 2018</End_Date><Room>SW03 3695</Room><Max>42</Max><Act>39</Act><Hrs>1.83</Hrs><Teacher>Bielenberg, Jan</Teacher><Teacher>Zeleschuk, Ken</Teacher></Course><Course><Name>COMM1142</Name><Day>Mon</Day><Start_Time>1330</Start_Time><End_Time>1420</End_Time><Start_Date>04 Sep 2018</Start_Date><End_Date>07 Dec 2018</End_Date><Room>SW03 1750</Room><Max>84</Max><Act>78</Act><Hrs>0.83</Hrs><Teacher>Storm, John Kenneth</Teacher></Course><Course><Name>COMM1142</Name><Day>Thu</Day><Start_Time>1230</Start_Time><End_Time>1420</End_Time><Start_Date>04 Sep 2018</Start_Date><End_Date>07 Dec 2018</End_Date><Room>SW01 3570</Room><Max>21</Max><Act>19</Act><Hrs>1.83</Hrs><Teacher>Storm, John Kenneth</Teacher></Course><Course><Name>MATH1422</Name><Day>Thu</Day><Start_Time>930</Start_Time><End_Time>1020</End_Time><Start_Date>04 Sep 2018</Start_Date><End_Date>07 Dec 2018</End_Date><Room>SW01 1021</Room><Max>84</Max><Act>78</Act><Hrs>0.83</Hrs><Teacher>Crema, Erika</Teacher></Course><Course><Name>MATH1422</Name><Day>Fri</Day><Start_Time>1330</Start_Time><End_Time>1520</End_Time><Start_Date>04 Sep 2018</Start_Date><End_Date>07 Dec 2018</End_Date><Room>NE01 331</Room><Max>84</Max><Act>78</Act><Hrs>1.83</Hrs><Teacher>Crema, Erika</Teacher></Course><Course><Name>MATH1422</Name><Day>Fri</Day><Start_Time>1530</Start_Time><End_Time>1620</End_Time><Start_Date>04 Sep 2018</Start_Date><End_Date>07 Dec 2018</End_Date><Room>NE01 318</Room><Max>21</Max><Act>18</Act><Hrs>0.83</Hrs><Teacher>Crema, Erika</Teacher></Course><Course><Name>MATH1422</Name><Day>Thu</Day><Start_Time>1430</Start_Time><End_Time>1520</End_Time><Start_Date>04 Sep 2018</Start_Date><End_Date>07 Dec 2018</End_Date><Room>SW03 3615</Room><Max>42</Max><Act>37</Act><Hrs>0.83</Hrs><Teacher>Crema, Erika</Teacher></Course><Course><Name>ORNT0030</Name><Day>Tue</Day><Start_Time>1200</Start_Time><End_Time>1315</End_Time><Start_Date>04 Sep 2018</Start_Date><End_Date>04 Sep 2018</End_Date><Room>SW01 1021</Room><Max>300</Max><Act>81</Act><Hrs>1.25</Hrs><Teacher>,</Teacher></Course><Course><Name>PHYS1192</Name><Day>Mon</Day><Start_Time>1030</Start_Time><End_Time>1220</End_Time><Start_Date>04 Sep 2018</Start_Date><End_Date>07 Dec 2018</End_Date><Room>SW01 1021</Room><Max>84</Max><Act>74</Act><Hrs>1.83</Hrs><Teacher>Dunphy, Kevin</Teacher></Course><Course><Name>PHYS1192</Name><Day>Wed</Day><Start_Time>830</Start_Time><End_Time>920</End_Time><Start_Date>04 Sep 2018</Start_Date><End_Date>07 Dec 2018</End_Date><Room>SW01 1021</Room><Max>84</Max><Act>74</Act><Hrs>0.83</Hrs><Teacher>Dunphy, Kevin</Teacher></Course><Course><Name>PHYS1192</Name><Day>Fri</Day><Start_Time>830</Start_Time><End_Time>1020</End_Time><Start_Date>04 Sep 2018</Start_Date><End_Date>07 Dec 2018</End_Date><Room>SW03 4710</Room><Max>21</Max><Act>18</Act><Hrs>1.83</Hrs><Teacher>Dunphy, Kevin</Teacher></Course><Course><Name>SURV1130</Name><Day>Tue</Day><Start_Time>1430</Start_Time><End_Time>1520</End_Time><Start_Date>05 Sep 2018</Start_Date><End_Date>07 Dec 2018</End_Date><Room>SW01 1025</Room><Max>84</Max><Act>80</Act><Hrs>0.83</Hrs><Teacher>Scott, Robert</Teacher></Course><Course><Name>SURV1130</Name><Day>Wed</Day><Start_Time>930</Start_Time><End_Time>1120</End_Time><Start_Date>04 Sep 2018</Start_Date><End_Date>07 Dec 2018</End_Date><Room>SW03 3660</Room><Max>21</Max><Act>20</Act><Hrs>1.83</Hrs><Teacher>Scott, Robert</Teacher><Teacher>Cowan, James David</Teacher></Course></set_1_D><set_3_A><Course><Name>CIVL3011</Name><Day>Fri</Day><Start_Time>1030</Start_Time><End_Time>1220</End_Time><Start_Date>04 Sep 2018</Start_Date><End_Date>07 Dec 2018</End_Date><Room>SW03 1710</Room><Max>84</Max><Act>54</Act><Hrs>1.83</Hrs><Teacher>Bazargani, Poureya</Teacher></Course><Course><Name>CIVL3011</Name><Day>Thu</Day><Start_Time>1030</Start_Time><End_Time>1120</End_Time><Start_Date>04 Sep 2018</Start_Date><End_Date>07 Dec 2018</End_Date><Room>SW03 3675</Room><Max>21</Max><Act>13</Act><Hrs>0.83</Hrs><Teacher>Bazargani, Poureya</Teacher></Course><Course><Name>CIVL3020</Name><Day>Mon</Day><Start_Time>830</Start_Time><End_Time>920</End_Time><Start_Date>04 Sep 2018</Start_Date><End_Date>07 Dec 2018</End_Date><Room>SW03 1750</Room><Max>84</Max><Act>63</Act><Hrs>0.83</Hrs><Teacher>Ovanesova, Anna V</Teacher><Teacher>Kiani, Aiden</Teacher></Course><Course><Name>CIVL3020</Name><Day>Thu</Day><Start_Time>1230</Start_Time><End_Time>1420</End_Time><Start_Date>04 Sep 2018</Start_Date><End_Date>07 Dec 2018</End_Date><Room>SW03 2675</Room><Max>21</Max><Act>16</Act><Hrs>1.83</Hrs><Teacher>Kiani, Aiden</Teacher><Teacher>* Kiani, Aiden</Teacher><Teacher>* Ovanesova, Anna V</Teacher><Teacher>* Ovanesova, Anna V</Teacher></Course><Course><Name>CIVL3033</Name><Day>Mon</Day><Start_Time>1330</Start_Time><End_Time>1420</End_Time><Start_Date>04 Sep 2018</Start_Date><End_Date>07 Dec 2018</End_Date><Room>SW05 1850</Room><Max>84</Max><Act>54</Act><Hrs>0.83</Hrs><Teacher>Baumert, Michael Eberhard</Teacher></Course><Course><Name>CIVL3033</Name><Day>Wed</Day><Start_Time>830</Start_Time><End_Time>920</End_Time><Start_Date>04 Sep 2018</Start_Date><End_Date>07 Dec 2018</End_Date><Room>SW03 1750</Room><Max>84</Max><Act>54</Act><Hrs>0.83</Hrs><Teacher>Baumert, Michael Eberhard</Teacher></Course><Course><Name>CIVL3033</Name><Day>Thu</Day><Start_Time>830</Start_Time><End_Time>1020</End_Time><Start_Date>04 Sep 2018</Start_Date><End_Date>07 Dec 2018</End_Date><Room>SW03 3675</Room><Max>21</Max><Act>15</Act><Hrs>1.83</Hrs><Teacher>Baumert, Michael Eberhard</Teacher></Course><Course><Name>CIVL3041</Name><Day>Tue</Day><Start_Time>1330</Start_Time><End_Time>1420</End_Time><Start_Date>05 Sep 2018</Start_Date><End_Date>07 Dec 2018</End_Date><Room>SW01 1025</Room><Max>84</Max><Act>66</Act><Hrs>0.83</Hrs><Teacher>Daxon, Ray</Teacher><Teacher>Wood, Renata</Teacher></Course><Course><Name>CIVL3041</Name><Day>Wed</Day><Start_Time>930</Start_Time><End_Time>1120</End_Time><Start_Date>04 Sep 2018</Start_Date><End_Date>07 Dec 2018</End_Date><Room>SW01 1080</Room><Max>21</Max><Act>16</Act><Hrs>1.83</Hrs><Teacher>Wood, Renata</Teacher><Teacher>* Wood, Renata</Teacher><Teacher>* Daxon, Ray</Teacher><Teacher>* Daxon, Ray</Teacher></Course><Course><Name>CIVL3050</Name><Day>Tue</Day><Start_Time>1430</Start_Time><End_Time>1620</End_Time><Start_Date>05 Sep 2018</Start_Date><End_Date>07 Dec 2018</End_Date><Room>SW03 1750</Room><Max>84</Max><Act>56</Act><Hrs>1.83</Hrs><Teacher>Zeleschuk, Ken</Teacher><Teacher>Chong, Phyllis Lok-Ting</Teacher><Teacher>Thurston, Paul</Teacher></Course><Course><Name>CIVL3050</Name><Day>Mon</Day><Start_Time>930</Start_Time><End_Time>1120</End_Time><Start_Date>04 Sep 2018</Start_Date><End_Date>07 Dec 2018</End_Date><Room>SW03 3655</Room><Max>21</Max><Act>13</Act><Hrs>1.83</Hrs><Teacher>Thurston, Paul</Teacher><Teacher>* Chong, Phyllis Lok-Ting</Teacher><Teacher>* Zeleschuk, Ken</Teacher></Course><Course><Name>CIVL3052</Name><Day>Fri</Day><Start_Time>1330</Start_Time><End_Time>1520</End_Time><Start_Date>04 Sep 2018</Start_Date><End_Date>07 Dec 2018</End_Date><Room>SW03 1710</Room><Max>84</Max><Act>58</Act><Hrs>1.83</Hrs><Teacher>Wong, David</Teacher></Course><Course><Name>CIVL3052</Name><Day>Thu</Day><Start_Time>1530</Start_Time><End_Time>1620</End_Time><Start_Date>04 Sep 2018</Start_Date><End_Date>07 Dec 2018</End_Date><Room>SW03 4785</Room><Max>21</Max><Act>13</Act><Hrs>0.83</Hrs><Teacher>Wong, David</Teacher><Teacher>* Zeleschuk, Ken</Teacher></Course><Course><Name>CIVL3052</Name><Day>Fri</Day><Start_Time>930</Start_Time><End_Time>1020</End_Time><Start_Date>04 Sep 2018</Start_Date><End_Date>07 Dec 2018</End_Date><Room>SW03 2695</Room><Max>21</Max><Act>13</Act><Hrs>0.83</Hrs><Teacher>Zeleschuk, Ken</Teacher><Teacher>Wong, David</Teacher></Course><Course><Name>CIVL3074</Name><Day>Tue</Day><Start_Time>830</Start_Time><End_Time>1020</End_Time><Start_Date>05 Sep 2018</Start_Date><End_Date>07 Dec 2018</End_Date><Room>SW01 2030</Room><Max>84</Max><Act>71</Act><Hrs>1.83</Hrs><Teacher>Karimi, Kian</Teacher><Teacher>Bazargani, Poureya</Teacher><Teacher>* Bollo, Martin E</Teacher></Course><Course><Name>CIVL3074</Name><Day>Mon</Day><Start_Time>1430</Start_Time><End_Time>1620</End_Time><Start_Date>04 Sep 2018</Start_Date><End_Date>07 Dec 2018</End_Date><Room>SE06 206</Room><Max>21</Max><Act>17</Act><Hrs>1.83</Hrs><Teacher>Karimi, Kian</Teacher></Course><Course><Name>COMM3342</Name><Day>Tue</Day><Start_Time>1030</Start_Time><End_Time>1220</End_Time><Start_Date>05 Sep 2018</Start_Date><End_Date>07 Dec 2018</End_Date><Room>SW01 1080</Room><Max>21</Max><Act>12</Act><Hrs>1.83</Hrs><Teacher>Levis, Deanna</Teacher></Course><Course><Name>MATH3423</Name><Day>Mon</Day><Start_Time>1230</Start_Time><End_Time>1320</End_Time><Start_Date>04 Sep 2018</Start_Date><End_Date>07 Dec 2018</End_Date><Room>SW03 1750</Room><Max>84</Max><Act>56</Act><Hrs>0.83</Hrs><Teacher>McConnell, Andrew</Teacher></Course><Course><Name>MATH3423</Name><Day>Wed</Day><Start_Time>1230</Start_Time><End_Time>1420</End_Time><Start_Date>04 Sep 2018</Start_Date><End_Date>07 Dec 2018</End_Date><Room>SW01 1021</Room><Max>84</Max><Act>56</Act><Hrs>1.83</Hrs><Teacher>McConnell, Andrew</Teacher></Course><Course><Name>MATH3423</Name><Day>Thu</Day><Start_Time>1430</Start_Time><End_Time>1520</End_Time><Start_Date>04 Sep 2018</Start_Date><End_Date>07 Dec 2018</End_Date><Room>SW03 2665</Room><Max>21</Max><Act>14</Act><Hrs>0.83</Hrs><Teacher>McConnell, Andrew</Teacher><Teacher>* McConnell, Andrew</Teacher></Course></set_3_A><set_3_B><Course><Name>CIVL3011</Name><Day>Fri</Day><Start_Time>1030</Start_Time><End_Time>1220</End_Time><Start_Date>04 Sep 2018</Start_Date><End_Date>07 Dec 2018</End_Date><Room>SW03 1710</Room><Max>84</Max><Act>54</Act><Hrs>1.83</Hrs><Teacher>Bazargani, Poureya</Teacher></Course><Course><Name>CIVL3011</Name><Day>Thu</Day><Start_Time>1430</Start_Time><End_Time>1520</End_Time><Start_Date>04 Sep 2018</Start_Date><End_Date>07 Dec 2018</End_Date><Room>SW01 3150</Room><Max>21</Max><Act>14</Act><Hrs>0.83</Hrs><Teacher>Bazargani, Poureya</Teacher></Course><Course><Name>CIVL3020</Name><Day>Mon</Day><Start_Time>830</Start_Time><End_Time>920</End_Time><Start_Date>04 Sep 2018</Start_Date><End_Date>07 Dec 2018</End_Date><Room>SW03 1750</Room><Max>84</Max><Act>63</Act><Hrs>0.83</Hrs><Teacher>Ovanesova, Anna V</Teacher><Teacher>Kiani, Aiden</Teacher></Course><Course><Name>CIVL3020</Name><Day>Wed</Day><Start_Time>930</Start_Time><End_Time>1120</End_Time><Start_Date>04 Sep 2018</Start_Date><End_Date>07 Dec 2018</End_Date><Room>SE12 301</Room><Max>21</Max><Act>15</Act><Hrs>1.83</Hrs><Teacher>Kiani, Aiden</Teacher><Teacher>Ovanesova, Anna V</Teacher></Course><Course><Name>CIVL3033</Name><Day>Mon</Day><Start_Time>1330</Start_Time><End_Time>1420</End_Time><Start_Date>04 Sep 2018</Start_Date><End_Date>07 Dec 2018</End_Date><Room>SW05 1850</Room><Max>84</Max><Act>54</Act><Hrs>0.83</Hrs><Teacher>Baumert, Michael Eberhard</Teacher></Course><Course><Name>CIVL3033</Name><Day>Wed</Day><Start_Time>830</Start_Time><End_Time>920</End_Time><Start_Date>04 Sep 2018</Start_Date><End_Date>07 Dec 2018</End_Date><Room>SW03 1750</Room><Max>84</Max><Act>54</Act><Hrs>0.83</Hrs><Teacher>Baumert, Michael Eberhard</Teacher></Course><Course><Name>CIVL3033</Name><Day>Thu</Day><Start_Time>830</Start_Time><End_Time>1020</End_Time><Start_Date>04 Sep 2018</Start_Date><End_Date>07 Dec 2018</End_Date><Room>SW03 3675</Room><Max>21</Max><Act>13</Act><Hrs>1.83</Hrs><Teacher>Baumert, Michael Eberhard</Teacher></Course><Course><Name>CIVL3041</Name><Day>Tue</Day><Start_Time>1330</Start_Time><End_Time>1420</End_Time><Start_Date>05 Sep 2018</Start_Date><End_Date>07 Dec 2018</End_Date><Room>SW01 1025</Room><Max>84</Max><Act>66</Act><Hrs>0.83</Hrs><Teacher>Daxon, Ray</Teacher><Teacher>Wood, Renata</Teacher></Course><Course><Name>CIVL3041</Name><Day>Tue</Day><Start_Time>1030</Start_Time><End_Time>1220</End_Time><Start_Date>05 Sep 2018</Start_Date><End_Date>07 Dec 2018</End_Date><Room>SW03 2620</Room><Max>21</Max><Act>18</Act><Hrs>1.83</Hrs><Teacher>Wood, Renata</Teacher><Teacher>* Wood, Renata</Teacher><Teacher>* Daxon, Ray</Teacher><Teacher>* Daxon, Ray</Teacher></Course><Course><Name>CIVL3050</Name><Day>Tue</Day><Start_Time>1430</Start_Time><End_Time>1620</End_Time><Start_Date>05 Sep 2018</Start_Date><End_Date>07 Dec 2018</End_Date><Room>SW03 1750</Room><Max>84</Max><Act>56</Act><Hrs>1.83</Hrs><Teacher>Zeleschuk, Ken</Teacher><Teacher>Chong, Phyllis Lok-Ting</Teacher><Teacher>Thurston, Paul</Teacher></Course><Course><Name>CIVL3050</Name><Day>Thu</Day><Start_Time>1530</Start_Time><End_Time>1720</End_Time><Start_Date>10 Sep 2018</Start_Date><End_Date>07 Dec 2018</End_Date><Room>SW03 2665</Room><Max>21</Max><Act>16</Act><Hrs>1.83</Hrs><Teacher>Thurston, Paul</Teacher><Teacher>* Thurston, Paul</Teacher><Teacher>* Chong, Phyllis Lok-Ting</Teacher><Teacher>* Chong, Phyllis Lok-Ting</Teacher><Teacher>* Zeleschuk, Ken</Teacher><Teacher>* Zeleschuk, Ken</Teacher></Course><Course><Name>CIVL3052</Name><Day>Fri</Day><Start_Time>1330</Start_Time><End_Time>1520</End_Time><Start_Date>04 Sep 2018</Start_Date><End_Date>07 Dec 2018</End_Date><Room>SW03 1710</Room><Max>84</Max><Act>58</Act><Hrs>1.83</Hrs><Teacher>Wong, David</Teacher></Course><Course><Name>CIVL3052</Name><Day>Thu</Day><Start_Time>1030</Start_Time><End_Time>1120</End_Time><Start_Date>04 Sep 2018</Start_Date><End_Date>07 Dec 2018</End_Date><Room>SW03 4785</Room><Max>21</Max><Act>16</Act><Hrs>0.83</Hrs><Teacher>Wong, David</Teacher><Teacher>Zeleschuk, Ken</Teacher></Course><Course><Name>CIVL3052</Name><Day>Thu</Day><Start_Time>1130</Start_Time><End_Time>1220</End_Time><Start_Date>04 Sep 2018</Start_Date><End_Date>07 Dec 2018</End_Date><Room>SW03 2695</Room><Max>21</Max><Act>16</Act><Hrs>0.83</Hrs><Teacher>Zeleschuk, Ken</Teacher><Teacher>Wong, David</Teacher></Course><Course><Name>CIVL3074</Name><Day>Tue</Day><Start_Time>830</Start_Time><End_Time>1020</End_Time><Start_Date>05 Sep 2018</Start_Date><End_Date>07 Dec 2018</End_Date><Room>SW01 2030</Room><Max>84</Max><Act>71</Act><Hrs>1.83</Hrs><Teacher>Karimi, Kian</Teacher><Teacher>Bazargani, Poureya</Teacher><Teacher>* Bollo, Martin E</Teacher></Course><Course><Name>CIVL3074</Name><Day>Mon</Day><Start_Time>1430</Start_Time><End_Time>1620</End_Time><Start_Date>04 Sep 2018</Start_Date><End_Date>07 Dec 2018</End_Date><Room>SE06 206</Room><Max>21</Max><Act>18</Act><Hrs>1.83</Hrs><Teacher>Karimi, Kian</Teacher></Course><Course><Name>COMM3342</Name><Day>Mon</Day><Start_Time>930</Start_Time><End_Time>1120</End_Time><Start_Date>04 Sep 2018</Start_Date><End_Date>07 Dec 2018</End_Date><Room>SW03 3660</Room><Max>21</Max><Act>18</Act><Hrs>1.83</Hrs><Teacher>Levis, Deanna</Teacher></Course><Course><Name>MATH3423</Name><Day>Mon</Day><Start_Time>1230</Start_Time><End_Time>1320</End_Time><Start_Date>04 Sep 2018</Start_Date><End_Date>07 Dec 2018</End_Date><Room>SW03 1750</Room><Max>84</Max><Act>56</Act><Hrs>0.83</Hrs><Teacher>McConnell, Andrew</Teacher></Course><Course><Name>MATH3423</Name><Day>Wed</Day><Start_Time>1230</Start_Time><End_Time>1420</End_Time><Start_Date>04 Sep 2018</Start_Date><End_Date>07 Dec 2018</End_Date><Room>SW01 1021</Room><Max>84</Max><Act>56</Act><Hrs>1.83</Hrs><Teacher>McConnell, Andrew</Teacher></Course><Course><Name>MATH3423</Name><Day>Thu</Day><Start_Time>1330</Start_Time><End_Time>1420</End_Time><Start_Date>04 Sep 2018</Start_Date><End_Date>07 Dec 2018</End_Date><Room>SE12 310</Room><Max>21</Max><Act>15</Act><Hrs>0.83</Hrs><Teacher>McConnell, Andrew</Teacher></Course></set_3_B><set_3_C><Course><Name>CIVL3011</Name><Day>Fri</Day><Start_Time>1030</Start_Time><End_Time>1220</End_Time><Start_Date>04 Sep 2018</Start_Date><End_Date>07 Dec 2018</End_Date><Room>SW03 1710</Room><Max>84</Max><Act>54</Act><Hrs>1.83</Hrs><Teacher>Bazargani, Poureya</Teacher></Course><Course><Name>CIVL3011</Name><Day>Thu</Day><Start_Time>830</Start_Time><End_Time>920</End_Time><Start_Date>04 Sep 2018</Start_Date><End_Date>07 Dec 2018</End_Date><Room>SW03 2745</Room><Max>21</Max><Act>14</Act><Hrs>0.83</Hrs><Teacher>Bazargani, Poureya</Teacher></Course><Course><Name>CIVL3020</Name><Day>Mon</Day><Start_Time>830</Start_Time><End_Time>920</End_Time><Start_Date>04 Sep 2018</Start_Date><End_Date>07 Dec 2018</End_Date><Room>SW03 1750</Room><Max>84</Max><Act>63</Act><Hrs>0.83</Hrs><Teacher>Ovanesova, Anna V</Teacher><Teacher>Kiani, Aiden</Teacher></Course><Course><Name>CIVL3020</Name><Day>Mon</Day><Start_Time>930</Start_Time><End_Time>1120</End_Time><Start_Date>04 Sep 2018</Start_Date><End_Date>07 Dec 2018</End_Date><Room>SE12 321</Room><Max>22</Max><Act>16</Act><Hrs>1.83</Hrs><Teacher>Kiani, Aiden</Teacher><Teacher>Ovanesova, Anna V</Teacher></Course><Course><Name>CIVL3033</Name><Day>Mon</Day><Start_Time>1330</Start_Time><End_Time>1420</End_Time><Start_Date>04 Sep 2018</Start_Date><End_Date>07 Dec 2018</End_Date><Room>SW05 1850</Room><Max>84</Max><Act>54</Act><Hrs>0.83</Hrs><Teacher>Baumert, Michael Eberhard</Teacher></Course><Course><Name>CIVL3033</Name><Day>Wed</Day><Start_Time>830</Start_Time><End_Time>920</End_Time><Start_Date>04 Sep 2018</Start_Date><End_Date>07 Dec 2018</End_Date><Room>SW03 1750</Room><Max>84</Max><Act>54</Act><Hrs>0.83</Hrs><Teacher>Baumert, Michael Eberhard</Teacher></Course><Course><Name>CIVL3033</Name><Day>Fri</Day><Start_Time>830</Start_Time><End_Time>1020</End_Time><Start_Date>04 Sep 2018</Start_Date><End_Date>07 Dec 2018</End_Date><Room>SW03 3675</Room><Max>21</Max><Act>14</Act><Hrs>1.83</Hrs><Teacher>Baumert, Michael Eberhard</Teacher></Course><Course><Name>CIVL3041</Name><Day>Tue</Day><Start_Time>1330</Start_Time><End_Time>1420</End_Time><Start_Date>05 Sep 2018</Start_Date><End_Date>07 Dec 2018</End_Date><Room>SW01 1025</Room><Max>84</Max><Act>66</Act><Hrs>0.83</Hrs><Teacher>Daxon, Ray</Teacher><Teacher>Wood, Renata</Teacher></Course><Course><Name>CIVL3041</Name><Day>Thu</Day><Start_Time>1030</Start_Time><End_Time>1220</End_Time><Start_Date>04 Sep 2018</Start_Date><End_Date>07 Dec 2018</End_Date><Room>SW01 1080</Room><Max>21</Max><Act>16</Act><Hrs>1.83</Hrs><Teacher>Wood, Renata</Teacher><Teacher>* Wood, Renata</Teacher><Teacher>* Daxon, Ray</Teacher><Teacher>* Daxon, Ray</Teacher></Course><Course><Name>CIVL3050</Name><Day>Tue</Day><Start_Time>1430</Start_Time><End_Time>1620</End_Time><Start_Date>05 Sep 2018</Start_Date><End_Date>07 Dec 2018</End_Date><Room>SW03 1750</Room><Max>84</Max><Act>56</Act><Hrs>1.83</Hrs><Teacher>Zeleschuk, Ken</Teacher><Teacher>Chong, Phyllis Lok-Ting</Teacher><Teacher>Thurston, Paul</Teacher></Course><Course><Name>CIVL3050</Name><Day>Mon</Day><Start_Time>1430</Start_Time><End_Time>1620</End_Time><Start_Date>04 Sep 2018</Start_Date><End_Date>07 Dec 2018</End_Date><Room>SE12 318</Room><Max>21</Max><Act>12</Act><Hrs>1.83</Hrs><Teacher>Thurston, Paul</Teacher><Teacher>* Chong, Phyllis Lok-Ting</Teacher></Course><Course><Name>CIVL3052</Name><Day>Fri</Day><Start_Time>1330</Start_Time><End_Time>1520</End_Time><Start_Date>04 Sep 2018</Start_Date><End_Date>07 Dec 2018</End_Date><Room>SW03 1710</Room><Max>84</Max><Act>58</Act><Hrs>1.83</Hrs><Teacher>Wong, David</Teacher></Course><Course><Name>CIVL3052</Name><Day>Thu</Day><Start_Time>1330</Start_Time><End_Time>1420</End_Time><Start_Date>04 Sep 2018</Start_Date><End_Date>07 Dec 2018</End_Date><Room>SW03 3675</Room><Max>21</Max><Act>15</Act><Hrs>0.83</Hrs><Teacher>Wong, David</Teacher><Teacher>* Zeleschuk, Ken</Teacher></Course><Course><Name>CIVL3052</Name><Day>Thu</Day><Start_Time>1430</Start_Time><End_Time>1520</End_Time><Start_Date>04 Sep 2018</Start_Date><End_Date>07 Dec 2018</End_Date><Room>SW03 2695</Room><Max>21</Max><Act>15</Act><Hrs>0.83</Hrs><Teacher>Zeleschuk, Ken</Teacher><Teacher>Wong, David</Teacher></Course><Course><Name>CIVL3074</Name><Day>Tue</Day><Start_Time>830</Start_Time><End_Time>1020</End_Time><Start_Date>05 Sep 2018</Start_Date><End_Date>07 Dec 2018</End_Date><Room>SW01 2030</Room><Max>84</Max><Act>71</Act><Hrs>1.83</Hrs><Teacher>Karimi, Kian</Teacher><Teacher>Bazargani, Poureya</Teacher><Teacher>* Bollo, Martin E</Teacher></Course><Course><Name>CIVL3074</Name><Day>Tue</Day><Start_Time>1030</Start_Time><End_Time>1220</End_Time><Start_Date>05 Sep 2018</Start_Date><End_Date>07 Dec 2018</End_Date><Room>SW03 3675</Room><Max>21</Max><Act>19</Act><Hrs>1.83</Hrs><Teacher>Karimi, Kian</Teacher></Course><Course><Name>COMM3342</Name><Day>Wed</Day><Start_Time>930</Start_Time><End_Time>1120</End_Time><Start_Date>04 Sep 2018</Start_Date><End_Date>07 Dec 2018</End_Date><Room>SW03 4785</Room><Max>21</Max><Act>13</Act><Hrs>1.83</Hrs><Teacher>Levis, Deanna</Teacher></Course><Course><Name>MATH3423</Name><Day>Mon</Day><Start_Time>1230</Start_Time><End_Time>1320</End_Time><Start_Date>04 Sep 2018</Start_Date><End_Date>07 Dec 2018</End_Date><Room>SW03 1750</Room><Max>84</Max><Act>56</Act><Hrs>0.83</Hrs><Teacher>McConnell, Andrew</Teacher></Course><Course><Name>MATH3423</Name><Day>Wed</Day><Start_Time>1230</Start_Time><End_Time>1420</End_Time><Start_Date>04 Sep 2018</Start_Date><End_Date>07 Dec 2018</End_Date><Room>SW01 1021</Room><Max>84</Max><Act>56</Act><Hrs>1.83</Hrs><Teacher>McConnell, Andrew</Teacher></Course><Course><Name>MATH3423</Name><Day>Thu</Day><Start_Time>930</Start_Time><End_Time>1020</End_Time><Start_Date>04 Sep 2018</Start_Date><End_Date>07 Dec 2018</End_Date><Room>SW03 3655</Room><Max>21</Max><Act>14</Act><Hrs>0.83</Hrs><Teacher>McConnell, Andrew</Teacher></Course></set_3_C><set_3_D><Course><Name>CIVL3011</Name><Day>Fri</Day><Start_Time>1030</Start_Time><End_Time>1220</End_Time><Start_Date>04 Sep 2018</Start_Date><End_Date>07 Dec 2018</End_Date><Room>SW03 1710</Room><Max>84</Max><Act>54</Act><Hrs>1.83</Hrs><Teacher>Bazargani, Poureya</Teacher></Course><Course><Name>CIVL3011</Name><Day>Thu</Day><Start_Time>930</Start_Time><End_Time>1020</End_Time><Start_Date>04 Sep 2018</Start_Date><End_Date>07 Dec 2018</End_Date><Room>SW01 3570</Room><Max>21</Max><Act>13</Act><Hrs>0.83</Hrs><Teacher>Bazargani, Poureya</Teacher></Course><Course><Name>CIVL3020</Name><Day>Mon</Day><Start_Time>830</Start_Time><End_Time>920</End_Time><Start_Date>04 Sep 2018</Start_Date><End_Date>07 Dec 2018</End_Date><Room>SW03 1750</Room><Max>84</Max><Act>63</Act><Hrs>0.83</Hrs><Teacher>Ovanesova, Anna V</Teacher><Teacher>Kiani, Aiden</Teacher></Course><Course><Name>CIVL3020</Name><Day>Thu</Day><Start_Time>1030</Start_Time><End_Time>1220</End_Time><Start_Date>04 Sep 2018</Start_Date><End_Date>07 Dec 2018</End_Date><Room>SW03 2675</Room><Max>21</Max><Act>16</Act><Hrs>1.83</Hrs><Teacher>Kiani, Aiden</Teacher><Teacher>* Kiani, Aiden</Teacher><Teacher>* Ovanesova, Anna V</Teacher><Teacher>* Ovanesova, Anna V</Teacher></Course><Course><Name>CIVL3033</Name><Day>Mon</Day><Start_Time>1330</Start_Time><End_Time>1420</End_Time><Start_Date>04 Sep 2018</Start_Date><End_Date>07 Dec 2018</End_Date><Room>SW05 1850</Room><Max>84</Max><Act>54</Act><Hrs>0.83</Hrs><Teacher>Baumert, Michael Eberhard</Teacher></Course><Course><Name>CIVL3033</Name><Day>Wed</Day><Start_Time>830</Start_Time><End_Time>920</End_Time><Start_Date>04 Sep 2018</Start_Date><End_Date>07 Dec 2018</End_Date><Room>SW03 1750</Room><Max>84</Max><Act>54</Act><Hrs>0.83</Hrs><Teacher>Baumert, Michael Eberhard</Teacher></Course><Course><Name>CIVL3033</Name><Day>Fri</Day><Start_Time>830</Start_Time><End_Time>1020</End_Time><Start_Date>04 Sep 2018</Start_Date><End_Date>07 Dec 2018</End_Date><Room>SW03 3675</Room><Max>21</Max><Act>12</Act><Hrs>1.83</Hrs><Teacher>Baumert, Michael Eberhard</Teacher></Course><Course><Name>CIVL3041</Name><Day>Tue</Day><Start_Time>1330</Start_Time><End_Time>1420</End_Time><Start_Date>05 Sep 2018</Start_Date><End_Date>07 Dec 2018</End_Date><Room>SW01 1025</Room><Max>84</Max><Act>66</Act><Hrs>0.83</Hrs><Teacher>Daxon, Ray</Teacher><Teacher>Wood, Renata</Teacher></Course><Course><Name>CIVL3041</Name><Day>Thu</Day><Start_Time>1530</Start_Time><End_Time>1720</End_Time><Start_Date>04 Sep 2018</Start_Date><End_Date>07 Dec 2018</End_Date><Room>SW01 1080</Room><Max>21</Max><Act>16</Act><Hrs>1.83</Hrs><Teacher>Wood, Renata</Teacher><Teacher>* Wood, Renata</Teacher><Teacher>* Daxon, Ray</Teacher><Teacher>* Daxon, Ray</Teacher></Course><Course><Name>CIVL3050</Name><Day>Tue</Day><Start_Time>1430</Start_Time><End_Time>1620</End_Time><Start_Date>05 Sep 2018</Start_Date><End_Date>07 Dec 2018</End_Date><Room>SW03 1750</Room><Max>84</Max><Act>56</Act><Hrs>1.83</Hrs><Teacher>Zeleschuk, Ken</Teacher><Teacher>Chong, Phyllis Lok-Ting</Teacher><Teacher>Thurston, Paul</Teacher></Course><Course><Name>CIVL3050</Name><Day>Thu</Day><Start_Time>1330</Start_Time><End_Time>1520</End_Time><Start_Date>04 Sep 2018</Start_Date><End_Date>07 Dec 2018</End_Date><Room>SW03 3655</Room><Max>21</Max><Act>15</Act><Hrs>1.83</Hrs><Teacher>Thurston, Paul</Teacher><Teacher>* Chong, Phyllis Lok-Ting</Teacher><Teacher>* Zeleschuk, Ken</Teacher></Course><Course><Name>CIVL3052</Name><Day>Fri</Day><Start_Time>1330</Start_Time><End_Time>1520</End_Time><Start_Date>04 Sep 2018</Start_Date><End_Date>07 Dec 2018</End_Date><Room>SW03 1710</Room><Max>84</Max><Act>58</Act><Hrs>1.83</Hrs><Teacher>Wong, David</Teacher></Course><Course><Name>CIVL3052</Name><Day>Mon</Day><Start_Time>930</Start_Time><End_Time>1020</End_Time><Start_Date>04 Sep 2018</Start_Date><End_Date>07 Dec 2018</End_Date><Room>SW03 4785</Room><Max>21</Max><Act>14</Act><Hrs>0.83</Hrs><Teacher>Wong, David</Teacher><Teacher>* Zeleschuk, Ken</Teacher></Course><Course><Name>CIVL3052</Name><Day>Mon</Day><Start_Time>1030</Start_Time><End_Time>1120</End_Time><Start_Date>04 Sep 2018</Start_Date><End_Date>07 Dec 2018</End_Date><Room>SW03 2695</Room><Max>21</Max><Act>14</Act><Hrs>0.83</Hrs><Teacher>Zeleschuk, Ken</Teacher><Teacher>Wong, David</Teacher></Course><Course><Name>CIVL3074</Name><Day>Tue</Day><Start_Time>830</Start_Time><End_Time>1020</End_Time><Start_Date>05 Sep 2018</Start_Date><End_Date>07 Dec 2018</End_Date><Room>SW01 2030</Room><Max>84</Max><Act>71</Act><Hrs>1.83</Hrs><Teacher>Karimi, Kian</Teacher><Teacher>Bazargani, Poureya</Teacher><Teacher>* Bollo, Martin E</Teacher></Course><Course><Name>CIVL3074</Name><Day>Tue</Day><Start_Time>1030</Start_Time><End_Time>1220</End_Time><Start_Date>05 Sep 2018</Start_Date><End_Date>07 Dec 2018</End_Date><Room>SW03 3675</Room><Max>21</Max><Act>17</Act><Hrs>1.83</Hrs><Teacher>Karimi, Kian</Teacher><Teacher>Krpan, Ronald</Teacher></Course><Course><Name>COMM3342</Name><Day>Mon</Day><Start_Time>1430</Start_Time><End_Time>1620</End_Time><Start_Date>04 Sep 2018</Start_Date><End_Date>07 Dec 2018</End_Date><Room>SE06 109</Room><Max>21</Max><Act>15</Act><Hrs>1.83</Hrs><Teacher>Levis, Deanna</Teacher></Course><Course><Name>MATH3423</Name><Day>Mon</Day><Start_Time>1230</Start_Time><End_Time>1320</End_Time><Start_Date>04 Sep 2018</Start_Date><End_Date>07 Dec 2018</End_Date><Room>SW03 1750</Room><Max>84</Max><Act>56</Act><Hrs>0.83</Hrs><Teacher>McConnell, Andrew</Teacher></Course><Course><Name>MATH3423</Name><Day>Wed</Day><Start_Time>1230</Start_Time><End_Time>1420</End_Time><Start_Date>04 Sep 2018</Start_Date><End_Date>07 Dec 2018</End_Date><Room>SW01 1021</Room><Max>84</Max><Act>56</Act><Hrs>1.83</Hrs><Teacher>McConnell, Andrew</Teacher></Course><Course><Name>MATH3423</Name><Day>Thu</Day><Start_Time>830</Start_Time><End_Time>920</End_Time><Start_Date>04 Sep 2018</Start_Date><End_Date>07 Dec 2018</End_Date><Room>SW03 3655</Room><Max>21</Max><Act>13</Act><Hrs>0.83</Hrs><Teacher>McConnell, Andrew</Teacher></Course></set_3_D><set_5_A><Course><Name>CIVL7001</Name><Day>Mon</Day><Start_Time>1030</Start_Time><End_Time>1120</End_Time><Start_Date>04 Sep 2018</Start_Date><End_Date>07 Dec 2018</End_Date><Room>SW03 3675</Room><Max>36</Max><Act>33</Act><Hrs>0.83</Hrs><Teacher>Bollo, Martin E</Teacher></Course><Course><Name>CIVL7001</Name><Day>Tue</Day><Start_Time>830</Start_Time><End_Time>1020</End_Time><Start_Date>05 Sep 2018</Start_Date><End_Date>07 Dec 2018</End_Date><Room>SW03 3675</Room><Max>36</Max><Act>33</Act><Hrs>1.83</Hrs><Teacher>Bollo, Martin E</Teacher></Course><Course><Name>CIVL7021</Name><Day>Fri</Day><Start_Time>1030</Start_Time><End_Time>1120</End_Time><Start_Date>10 Sep 2018</Start_Date><End_Date>07 Dec 2018</End_Date><Room>SW03 3660</Room><Max>36</Max><Act>33</Act><Hrs>0.83</Hrs><Teacher>Pandey, Bishnu Hari</Teacher></Course><Course><Name>CIVL7021</Name><Day>Fri</Day><Start_Time>1330</Start_Time><End_Time>1420</End_Time><Start_Date>04 Sep 2018</Start_Date><End_Date>07 Dec 2018</End_Date><Room>SW01 1080</Room><Max>18</Max><Act>18</Act><Hrs>0.83</Hrs><Teacher>Pandey, Bishnu Hari</Teacher></Course><Course><Name>CIVL7023</Name><Day>Wed</Day><Start_Time>930</Start_Time><End_Time>1120</End_Time><Start_Date>04 Sep 2018</Start_Date><End_Date>07 Dec 2018</End_Date><Room>SW03 3675</Room><Max>36</Max><Act>33</Act><Hrs>1.83</Hrs><Teacher>Bazargani, Poureya</Teacher></Course><Course><Name>CIVL7023</Name><Day>Thu</Day><Start_Time>1330</Start_Time><End_Time>1420</End_Time><Start_Date>04 Sep 2018</Start_Date><End_Date>07 Dec 2018</End_Date><Room>SW03 3675</Room><Max>36</Max><Act>33</Act><Hrs>0.83</Hrs><Teacher>Bazargani, Poureya</Teacher></Course><Course><Name>CIVL7023</Name><Day>Fri</Day><Start_Time>1430</Start_Time><End_Time>1520</End_Time><Start_Date>04 Sep 2018</Start_Date><End_Date>07 Dec 2018</End_Date><Room>SW03 3660</Room><Max>18</Max><Act>18</Act><Hrs>0.83</Hrs><Teacher>Bazargani, Poureya</Teacher></Course><Course><Name>CIVL7060</Name><Day>Mon</Day><Start_Time>1330</Start_Time><End_Time>1520</End_Time><Start_Date>04 Sep 2018</Start_Date><End_Date>07 Dec 2018</End_Date><Room>SW03 3660</Room><Max>36</Max><Act>33</Act><Hrs>1.83</Hrs><Teacher>Chan, Colleen Chin Veon</Teacher></Course><Course><Name>CIVL7070</Name><Day>Tue</Day><Start_Time>1430</Start_Time><End_Time>1620</End_Time><Start_Date>05 Sep 2018</Start_Date><End_Date>07 Dec 2018</End_Date><Room>SW03 3675</Room><Max>36</Max><Act>33</Act><Hrs>1.83</Hrs><Teacher>Krpan, Ronald</Teacher></Course><Course><Name>CIVL7070</Name><Day>Thu</Day><Start_Time>830</Start_Time><End_Time>920</End_Time><Start_Date>04 Sep 2018</Start_Date><End_Date>07 Dec 2018</End_Date><Room>SW03 3660</Room><Max>36</Max><Act>33</Act><Hrs>0.83</Hrs><Teacher>Krpan, Ronald</Teacher></Course><Course><Name>CIVL7070</Name><Day>Thu</Day><Start_Time>930</Start_Time><End_Time>1020</End_Time><Start_Date>04 Sep 2018</Start_Date><End_Date>07 Dec 2018</End_Date><Room>SW03 3660</Room><Max>18</Max><Act>18</Act><Hrs>0.83</Hrs><Teacher>Krpan, Ronald</Teacher></Course><Course><Name>MATH7010</Name><Day>Wed</Day><Start_Time>830</Start_Time><End_Time>920</End_Time><Start_Date>04 Sep 2018</Start_Date><End_Date>07 Dec 2018</End_Date><Room>SW03 3660</Room><Max>36</Max><Act>33</Act><Hrs>0.83</Hrs><Teacher>Hagan, Scott</Teacher></Course><Course><Name>MATH7010</Name><Day>Wed</Day><Start_Time>1230</Start_Time><End_Time>1320</End_Time><Start_Date>04 Sep 2018</Start_Date><End_Date>07 Dec 2018</End_Date><Room>SW03 3660</Room><Max>18</Max><Act>18</Act><Hrs>0.83</Hrs><Teacher>Hagan, Scott</Teacher></Course></set_5_A><set_5_B><Course><Name>CIVL7001</Name><Day>Mon</Day><Start_Time>1030</Start_Time><End_Time>1120</End_Time><Start_Date>04 Sep 2018</Start_Date><End_Date>07 Dec 2018</End_Date><Room>SW03 3675</Room><Max>36</Max><Act>33</Act><Hrs>0.83</Hrs><Teacher>Bollo, Martin E</Teacher></Course><Course><Name>CIVL7001</Name><Day>Tue</Day><Start_Time>830</Start_Time><End_Time>1020</End_Time><Start_Date>05 Sep 2018</Start_Date><End_Date>07 Dec 2018</End_Date><Room>SW03 3675</Room><Max>36</Max><Act>33</Act><Hrs>1.83</Hrs><Teacher>Bollo, Martin E</Teacher></Course><Course><Name>CIVL7021</Name><Day>Fri</Day><Start_Time>1030</Start_Time><End_Time>1120</End_Time><Start_Date>10 Sep 2018</Start_Date><End_Date>07 Dec 2018</End_Date><Room>SW03 3660</Room><Max>36</Max><Act>33</Act><Hrs>0.83</Hrs><Teacher>Pandey, Bishnu Hari</Teacher></Course><Course><Name>CIVL7021</Name><Day>Fri</Day><Start_Time>1230</Start_Time><End_Time>1320</End_Time><Start_Date>04 Sep 2018</Start_Date><End_Date>07 Dec 2018</End_Date><Room>SW01 1080</Room><Max>18</Max><Act>15</Act><Hrs>0.83</Hrs><Teacher>Pandey, Bishnu Hari</Teacher></Course><Course><Name>CIVL7023</Name><Day>Wed</Day><Start_Time>930</Start_Time><End_Time>1120</End_Time><Start_Date>04 Sep 2018</Start_Date><End_Date>07 Dec 2018</End_Date><Room>SW03 3675</Room><Max>36</Max><Act>33</Act><Hrs>1.83</Hrs><Teacher>Bazargani, Poureya</Teacher></Course><Course><Name>CIVL7023</Name><Day>Thu</Day><Start_Time>1330</Start_Time><End_Time>1420</End_Time><Start_Date>04 Sep 2018</Start_Date><End_Date>07 Dec 2018</End_Date><Room>SW03 3675</Room><Max>36</Max><Act>33</Act><Hrs>0.83</Hrs><Teacher>Bazargani, Poureya</Teacher></Course><Course><Name>CIVL7023</Name><Day>Fri</Day><Start_Time>1330</Start_Time><End_Time>1420</End_Time><Start_Date>04 Sep 2018</Start_Date><End_Date>07 Dec 2018</End_Date><Room>SW03 3660</Room><Max>18</Max><Act>15</Act><Hrs>0.83</Hrs><Teacher>Bazargani, Poureya</Teacher></Course><Course><Name>CIVL7060</Name><Day>Mon</Day><Start_Time>1330</Start_Time><End_Time>1520</End_Time><Start_Date>04 Sep 2018</Start_Date><End_Date>07 Dec 2018</End_Date><Room>SW03 3660</Room><Max>36</Max><Act>33</Act><Hrs>1.83</Hrs><Teacher>Chan, Colleen Chin Veon</Teacher></Course><Course><Name>CIVL7070</Name><Day>Tue</Day><Start_Time>1430</Start_Time><End_Time>1620</End_Time><Start_Date>05 Sep 2018</Start_Date><End_Date>07 Dec 2018</End_Date><Room>SW03 3675</Room><Max>36</Max><Act>33</Act><Hrs>1.83</Hrs><Teacher>Krpan, Ronald</Teacher></Course><Course><Name>CIVL7070</Name><Day>Thu</Day><Start_Time>830</Start_Time><End_Time>920</End_Time><Start_Date>04 Sep 2018</Start_Date><End_Date>07 Dec 2018</End_Date><Room>SW03 3660</Room><Max>36</Max><Act>33</Act><Hrs>0.83</Hrs><Teacher>Krpan, Ronald</Teacher></Course><Course><Name>CIVL7070</Name><Day>Thu</Day><Start_Time>1030</Start_Time><End_Time>1120</End_Time><Start_Date>04 Sep 2018</Start_Date><End_Date>07 Dec 2018</End_Date><Room>SW03 3660</Room><Max>18</Max><Act>15</Act><Hrs>0.83</Hrs><Teacher>Krpan, Ronald</Teacher></Course><Course><Name>MATH7010</Name><Day>Wed</Day><Start_Time>830</Start_Time><End_Time>920</End_Time><Start_Date>04 Sep 2018</Start_Date><End_Date>07 Dec 2018</End_Date><Room>SW03 3660</Room><Max>36</Max><Act>33</Act><Hrs>0.83</Hrs><Teacher>Hagan, Scott</Teacher></Course><Course><Name>MATH7010</Name><Day>Wed</Day><Start_Time>1330</Start_Time><End_Time>1420</End_Time><Start_Date>04 Sep 2018</Start_Date><End_Date>07 Dec 2018</End_Date><Room>SW03 3660</Room><Max>18</Max><Act>15</Act><Hrs>0.83</Hrs><Teacher>Hagan, Scott</Teacher></Course></set_5_B><set_7_A><Course><Name>CIVL7031</Name><Day>Mon</Day><Start_Time>830</Start_Time><End_Time>920</End_Time><Start_Date>04 Sep 2018</Start_Date><End_Date>07 Dec 2018</End_Date><Room>SW03 3695</Room><Max>40</Max><Act>39</Act><Hrs>0.83</Hrs><Teacher>Baumert, Michael Eberhard</Teacher></Course><Course><Name>CIVL7031</Name><Day>Wed</Day><Start_Time>930</Start_Time><End_Time>1120</End_Time><Start_Date>04 Sep 2018</Start_Date><End_Date>07 Dec 2018</End_Date><Room>SW03 3695</Room><Max>40</Max><Act>39</Act><Hrs>1.83</Hrs><Teacher>Baumert, Michael Eberhard</Teacher></Course><Course><Name>CIVL7062</Name><Day>Mon</Day><Start_Time>930</Start_Time><End_Time>1020</End_Time><Start_Date>04 Sep 2018</Start_Date><End_Date>07 Dec 2018</End_Date><Room>SW03 3695</Room><Max>40</Max><Act>39</Act><Hrs>0.83</Hrs><Teacher>Chan, Colleen Chin Veon</Teacher></Course><Course><Name>CIVL7062</Name><Day>Thu</Day><Start_Time>930</Start_Time><End_Time>1120</End_Time><Start_Date>04 Sep 2018</Start_Date><End_Date>07 Dec 2018</End_Date><Room>SW03 3695</Room><Max>40</Max><Act>39</Act><Hrs>1.83</Hrs><Teacher>Chan, Colleen Chin Veon</Teacher></Course><Course><Name>CIVL7062</Name><Day>Fri</Day><Start_Time>1030</Start_Time><End_Time>1220</End_Time><Start_Date>04 Sep 2018</Start_Date><End_Date>07 Dec 2018</End_Date><Room>SW03 1655</Room><Max>20</Max><Act>19</Act><Hrs>1.83</Hrs><Teacher>Chan, Colleen Chin Veon</Teacher><Teacher>Nicholson, Robert</Teacher></Course><Course><Name>CIVL7062</Name><Day>Fri</Day><Start_Time>1330</Start_Time><End_Time>1620</End_Time><Start_Date>04 Sep 2018</Start_Date><End_Date>07 Dec 2018</End_Date><Room>SW03 1655</Room><Max>20</Max><Act>19</Act><Hrs>2.83</Hrs><Teacher>Nicholson, Robert</Teacher><Teacher>* Chan, Colleen Chin Veon</Teacher></Course><Course><Name>CIVL7062</Name><Day>Fri</Day><Start_Time>830</Start_Time><End_Time>1020</End_Time><Start_Date>04 Sep 2018</Start_Date><End_Date>07 Dec 2018</End_Date><Room>SW01 1080</Room><Max>40</Max><Act>39</Act><Hrs>1.83</Hrs><Teacher>Chan, Colleen Chin Veon</Teacher></Course><Course><Name>CIVL7063</Name><Day>Thu</Day><Start_Time>1130</Start_Time><End_Time>1220</End_Time><Start_Date>04 Sep 2018</Start_Date><End_Date>07 Dec 2018</End_Date><Room>SW03 3695</Room><Max>40</Max><Act>25</Act><Hrs>0.83</Hrs><Teacher>Bielenberg, Jan</Teacher><Teacher>* Daxon, Ray</Teacher></Course><Course><Name>CIVL7072</Name><Day>Tue</Day><Start_Time>930</Start_Time><End_Time>1020</End_Time><Start_Date>05 Sep 2018</Start_Date><End_Date>07 Dec 2018</End_Date><Room>SW03 3660</Room><Max>40</Max><Act>40</Act><Hrs>0.83</Hrs><Teacher>Daxon, Ray</Teacher><Teacher>Pandey, Bishnu Hari</Teacher></Course><Course><Name>CIVL7072</Name><Day>Thu</Day><Start_Time>1530</Start_Time><End_Time>1720</End_Time><Start_Date>04 Sep 2018</Start_Date><End_Date>07 Dec 2018</End_Date><Room>SW03 3675</Room><Max>40</Max><Act>40</Act><Hrs>1.83</Hrs><Teacher>Pandey, Bishnu Hari</Teacher><Teacher>* Daxon, Ray</Teacher></Course><Course><Name>CIVL7073</Name><Day>Tue</Day><Start_Time>1230</Start_Time><End_Time>1320</End_Time><Start_Date>05 Sep 2018</Start_Date><End_Date>07 Dec 2018</End_Date><Room>SW03 3675</Room><Max>40</Max><Act>16</Act><Hrs>0.83</Hrs><Teacher>Karimi, Kian</Teacher><Teacher>Daxon, Ray</Teacher></Course><Course><Name>CIVL7089</Name><Day>Wed</Day><Start_Time>1230</Start_Time><End_Time>1420</End_Time><Start_Date>04 Sep 2018</Start_Date><End_Date>07 Dec 2018</End_Date><Room>SW03 3675</Room><Max>40</Max><Act>39</Act><Hrs>1.83</Hrs><Teacher>Thurston, Paul</Teacher><Teacher>Bollo, Martin E</Teacher><Teacher>Wood, Renata</Teacher></Course><Course><Name>MINE7041</Name><Day>Mon</Day><Start_Time>1030</Start_Time><End_Time>1220</End_Time><Start_Date>04 Sep 2018</Start_Date><End_Date>07 Dec 2018</End_Date><Room>SW03 3695</Room><Max>40</Max><Act>37</Act><Hrs>1.83</Hrs><Teacher>Barnes, Elspeth Marjorie</Teacher></Course><Course><Name>MINE7041</Name><Day>Wed</Day><Start_Time>830</Start_Time><End_Time>920</End_Time><Start_Date>04 Sep 2018</Start_Date><End_Date>07 Dec 2018</End_Date><Room>SW03 3675</Room><Max>40</Max><Act>37</Act><Hrs>0.83</Hrs><Teacher>Barnes, Elspeth Marjorie</Teacher></Course></set_7_A><set_7_B><Course><Name>CIVL7031</Name><Day>Mon</Day><Start_Time>830</Start_Time><End_Time>920</End_Time><Start_Date>04 Sep 2018</Start_Date><End_Date>07 Dec 2018</End_Date><Room>SW03 3695</Room><Max>40</Max><Act>39</Act><Hrs>0.83</Hrs><Teacher>Baumert, Michael Eberhard</Teacher></Course><Course><Name>CIVL7031</Name><Day>Wed</Day><Start_Time>930</Start_Time><End_Time>1120</End_Time><Start_Date>04 Sep 2018</Start_Date><End_Date>07 Dec 2018</End_Date><Room>SW03 3695</Room><Max>40</Max><Act>39</Act><Hrs>1.83</Hrs><Teacher>Baumert, Michael Eberhard</Teacher></Course><Course><Name>CIVL7062</Name><Day>Mon</Day><Start_Time>930</Start_Time><End_Time>1020</End_Time><Start_Date>04 Sep 2018</Start_Date><End_Date>07 Dec 2018</End_Date><Room>SW03 3695</Room><Max>40</Max><Act>39</Act><Hrs>0.83</Hrs><Teacher>Chan, Colleen Chin Veon</Teacher></Course><Course><Name>CIVL7062</Name><Day>Thu</Day><Start_Time>930</Start_Time><End_Time>1120</End_Time><Start_Date>04 Sep 2018</Start_Date><End_Date>07 Dec 2018</End_Date><Room>SW03 3695</Room><Max>40</Max><Act>39</Act><Hrs>1.83</Hrs><Teacher>Chan, Colleen Chin Veon</Teacher></Course><Course><Name>CIVL7062</Name><Day>Fri</Day><Start_Time>1330</Start_Time><End_Time>1620</End_Time><Start_Date>04 Sep 2018</Start_Date><End_Date>07 Dec 2018</End_Date><Room>SW03 1655</Room><Max>20</Max><Act>20</Act><Hrs>2.83</Hrs><Teacher>Chan, Colleen Chin Veon</Teacher></Course><Course><Name>CIVL7063</Name><Day>Thu</Day><Start_Time>1130</Start_Time><End_Time>1220</End_Time><Start_Date>04 Sep 2018</Start_Date><End_Date>07 Dec 2018</End_Date><Room>SW03 3695</Room><Max>40</Max><Act>25</Act><Hrs>0.83</Hrs><Teacher>Bielenberg, Jan</Teacher><Teacher>* Daxon, Ray</Teacher></Course><Course><Name>CIVL7072</Name><Day>Tue</Day><Start_Time>930</Start_Time><End_Time>1020</End_Time><Start_Date>05 Sep 2018</Start_Date><End_Date>07 Dec 2018</End_Date><Room>SW03 3660</Room><Max>40</Max><Act>40</Act><Hrs>0.83</Hrs><Teacher>Daxon, Ray</Teacher><Teacher>Pandey, Bishnu Hari</Teacher></Course><Course><Name>CIVL7072</Name><Day>Thu</Day><Start_Time>1530</Start_Time><End_Time>1720</End_Time><Start_Date>04 Sep 2018</Start_Date><End_Date>07 Dec 2018</End_Date><Room>SW03 3675</Room><Max>40</Max><Act>40</Act><Hrs>1.83</Hrs><Teacher>Pandey, Bishnu Hari</Teacher><Teacher>* Daxon, Ray</Teacher></Course><Course><Name>CIVL7073</Name><Day>Tue</Day><Start_Time>1230</Start_Time><End_Time>1320</End_Time><Start_Date>05 Sep 2018</Start_Date><End_Date>07 Dec 2018</End_Date><Room>SW03 3675</Room><Max>40</Max><Act>16</Act><Hrs>0.83</Hrs><Teacher>Karimi, Kian</Teacher><Teacher>Daxon, Ray</Teacher></Course><Course><Name>CIVL7089</Name><Day>Wed</Day><Start_Time>1230</Start_Time><End_Time>1420</End_Time><Start_Date>04 Sep 2018</Start_Date><End_Date>07 Dec 2018</End_Date><Room>SW03 3675</Room><Max>40</Max><Act>39</Act><Hrs>1.83</Hrs><Teacher>Thurston, Paul</Teacher><Teacher>Bollo, Martin E</Teacher><Teacher>Wood, Renata</Teacher></Course><Course><Name>MINE7041</Name><Day>Mon</Day><Start_Time>1030</Start_Time><End_Time>1220</End_Time><Start_Date>04 Sep 2018</Start_Date><End_Date>07 Dec 2018</End_Date><Room>SW03 3695</Room><Max>40</Max><Act>37</Act><Hrs>1.83</Hrs><Teacher>Barnes, Elspeth Marjorie</Teacher></Course><Course><Name>MINE7041</Name><Day>Wed</Day><Start_Time>830</Start_Time><End_Time>920</End_Time><Start_Date>04 Sep 2018</Start_Date><End_Date>07 Dec 2018</End_Date><Room>SW03 3675</Room><Max>40</Max><Act>37</Act><Hrs>0.83</Hrs><Teacher>Barnes, Elspeth Marjorie</Teacher></Course></set_7_B></classes>