<?xml version="1.0" encoding="UTF-8"?><!DOCTYPE classes SYSTEM "classes.dtd">
<classes>
    <set_1_A>
        <Course>
            <Name>ACIT1420</Name>
            <Day>Fri</Day>
            <Start_Time>830</Start_Time>
            <End_Time>1120</End_Time>
            <Start_Date>05 Sep 2018</Start_Date>
            <End_Date>07 Dec 2018</End_Date>
            <Room>DTC 578</Room>
            <Max>25</Max>
            <Act>25</Act>
            <Hrs>2.83</Hrs>
            <Teacher>Zhang, Lei</Teacher>
        </Course>
        <Course>
            <Name>ACIT1515</Name>
            <Day>Mon</Day>
            <Start_Time>1330</Start_Time>
            <End_Time>1620</End_Time>
            <Start_Date>05 Sep 2018</Start_Date>
            <End_Date>07 Dec 2018</End_Date>
            <Room>DTC 581</Room>
            <Max>25</Max>
            <Act>25</Act>
            <Hrs>2.83</Hrs>
            <Teacher>Lane, Thomas F</Teacher>
        </Course>
        <Course>
            <Name>ACIT1620</Name>
            <Day>Wed</Day>
            <Start_Time>830</Start_Time>
            <End_Time>1120</End_Time>
            <Start_Date>05 Sep 2018</Start_Date>
            <End_Date>07 Dec 2018</End_Date>
            <Room>DTC 552</Room>
            <Max>25</Max>
            <Act>25</Act>
            <Hrs>2.83</Hrs>
            <Teacher>Hart, Richard</Teacher>
        </Course>
        <Course>
            <Name>ACIT1630</Name>
            <Day>Thu</Day>
            <Start_Time>830</Start_Time>
            <End_Time>1120</End_Time>
            <Start_Date>05 Sep 2018</Start_Date>
            <End_Date>07 Dec 2018</End_Date>
            <Room>DTC 676</Room>
            <Max>25</Max>
            <Act>25</Act>
            <Hrs>2.83</Hrs>
            <Teacher>Yu, Benjamin</Teacher>
        </Course>
        <Course>
            <Name>COMM1116</Name>
            <Day>Mon</Day>
            <Start_Time>830</Start_Time>
            <End_Time>1120</End_Time>
            <Start_Date>05 Sep 2018</Start_Date>
            <End_Date>07 Dec 2018</End_Date>
            <Room>DTC 676</Room>
            <Max>25</Max>
            <Act>24</Act>
            <Hrs>2.83</Hrs>
            <Teacher>Rockall, Matthew</Teacher>
        </Course>
        <Course>
            <Name>MATH1310</Name>
            <Day>Thu</Day>
            <Start_Time>1330</Start_Time>
            <End_Time>1620</End_Time>
            <Start_Date>05 Sep 2018</Start_Date>
            <End_Date>07 Dec 2018</End_Date>
            <Room>DTC 552</Room>
            <Max>25</Max>
            <Act>25</Act>
            <Hrs>2.83</Hrs>
            <Teacher>Hajikolaei, Kambiz Haji</Teacher>
        </Course>
        <Course>
            <Name>ORGB1100</Name>
            <Day>Tue</Day>
            <Start_Time>830</Start_Time>
            <End_Time>1050</End_Time>
            <Start_Date>05 Sep 2018</Start_Date>
            <End_Date>07 Dec 2018</End_Date>
            <Room>DTC 676</Room>
            <Max>25</Max>
            <Act>23</Act>
            <Hrs>2.33</Hrs>
            <Teacher>Morgan, Peter A</Teacher>
        </Course>
    </set_1_A>
    <set_1_B>
        <Course>
            <Name>ACIT1420</Name>
            <Day>Wed</Day>
            <Start_Time>1130</Start_Time>
            <End_Time>1420</End_Time>
            <Start_Date>05 Sep 2018</Start_Date>
            <End_Date>07 Dec 2018</End_Date>
            <Room>DTC 552</Room>
            <Max>25</Max>
            <Act>24</Act>
            <Hrs>2.83</Hrs>
            <Teacher>Zhang, Lei</Teacher>
        </Course>
        <Course>
            <Name>ACIT1515</Name>
            <Day>Fri</Day>
            <Start_Time>1330</Start_Time>
            <End_Time>1620</End_Time>
            <Start_Date>05 Sep 2018</Start_Date>
            <End_Date>07 Dec 2018</End_Date>
            <Room>DTC 581</Room>
            <Max>25</Max>
            <Act>25</Act>
            <Hrs>2.83</Hrs>
            <Teacher>Lane, Thomas F</Teacher>
        </Course>
        <Course>
            <Name>ACIT1620</Name>
            <Day>Tue</Day>
            <Start_Time>830</Start_Time>
            <End_Time>1120</End_Time>
            <Start_Date>05 Sep 2018</Start_Date>
            <End_Date>07 Dec 2018</End_Date>
            <Room>DTC 552</Room>
            <Max>25</Max>
            <Act>25</Act>
            <Hrs>2.83</Hrs>
            <Teacher>Hart, Richard</Teacher>
        </Course>
        <Course>
            <Name>ACIT1630</Name>
            <Day>Thu</Day>
            <Start_Time>1330</Start_Time>
            <End_Time>1620</End_Time>
            <Start_Date>05 Sep 2018</Start_Date>
            <End_Date>07 Dec 2018</End_Date>
            <Room>DTC 676</Room>
            <Max>25</Max>
            <Act>25</Act>
            <Hrs>2.83</Hrs>
            <Teacher>Yu, Benjamin</Teacher>
        </Course>
        <Course>
            <Name>COMM1116</Name>
            <Day>Mon</Day>
            <Start_Time>1330</Start_Time>
            <End_Time>1620</End_Time>
            <Start_Date>05 Sep 2018</Start_Date>
            <End_Date>07 Dec 2018</End_Date>
            <Room>DTC 676</Room>
            <Max>25</Max>
            <Act>22</Act>
            <Hrs>2.83</Hrs>
            <Teacher>Rockall, Matthew</Teacher>
        </Course>
        <Course>
            <Name>MATH1310</Name>
            <Day>Fri</Day>
            <Start_Time>830</Start_Time>
            <End_Time>1120</End_Time>
            <Start_Date>05 Sep 2018</Start_Date>
            <End_Date>07 Dec 2018</End_Date>
            <Room>DTC 552</Room>
            <Max>25</Max>
            <Act>25</Act>
            <Hrs>2.83</Hrs>
            <Teacher>Hajikolaei, Kambiz Haji</Teacher>
        </Course>
        <Course>
            <Name>ORGB1100</Name>
            <Day>Tue</Day>
            <Start_Time>1330</Start_Time>
            <End_Time>1550</End_Time>
            <Start_Date>05 Sep 2018</Start_Date>
            <End_Date>07 Dec 2018</End_Date>
            <Room>DTC 676</Room>
            <Max>25</Max>
            <Act>21</Act>
            <Hrs>2.33</Hrs>
            <Teacher>Morgan, Peter A</Teacher>
        </Course>
    </set_1_B>
    <set_1_C>
        <Course>
            <Name>ACIT1420</Name>
            <Day>Tue</Day>
            <Start_Time>1330</Start_Time>
            <End_Time>1620</End_Time>
            <Start_Date>05 Sep 2018</Start_Date>
            <End_Date>07 Dec 2018</End_Date>
            <Room>DTC 590</Room>
            <Max>25</Max>
            <Act>25</Act>
            <Hrs>2.83</Hrs>
            <Teacher>Zhang, Lei</Teacher>
        </Course>
        <Course>
            <Name>ACIT1515</Name>
            <Day>Mon</Day>
            <Start_Time>830</Start_Time>
            <End_Time>1120</End_Time>
            <Start_Date>05 Sep 2018</Start_Date>
            <End_Date>07 Dec 2018</End_Date>
            <Room>DTC 581</Room>
            <Max>25</Max>
            <Act>26</Act>
            <Hrs>2.83</Hrs>
            <Teacher>Lane, Thomas F</Teacher>
        </Course>
        <Course>
            <Name>ACIT1620</Name>
            <Day>Thu</Day>
            <Start_Time>830</Start_Time>
            <End_Time>1120</End_Time>
            <Start_Date>05 Sep 2018</Start_Date>
            <End_Date>07 Dec 2018</End_Date>
            <Room>DTC 552</Room>
            <Max>25</Max>
            <Act>25</Act>
            <Hrs>2.83</Hrs>
            <Teacher>Hart, Richard</Teacher>
        </Course>
        <Course>
            <Name>ACIT1630</Name>
            <Day>Fri</Day>
            <Start_Time>830</Start_Time>
            <End_Time>1120</End_Time>
            <Start_Date>05 Sep 2018</Start_Date>
            <End_Date>07 Dec 2018</End_Date>
            <Room>DTC 676</Room>
            <Max>25</Max>
            <Act>25</Act>
            <Hrs>2.83</Hrs>
            <Teacher>Yu, Benjamin</Teacher>
        </Course>
        <Course>
            <Name>COMM1116</Name>
            <Day>Tue</Day>
            <Start_Time>830</Start_Time>
            <End_Time>1120</End_Time>
            <Start_Date>05 Sep 2018</Start_Date>
            <End_Date>07 Dec 2018</End_Date>
            <Room>DTC 652</Room>
            <Max>25</Max>
            <Act>25</Act>
            <Hrs>2.83</Hrs>
            <Teacher>Rockall, Matthew</Teacher>
        </Course>
        <Course>
            <Name>MATH1310</Name>
            <Day>Fri</Day>
            <Start_Time>1330</Start_Time>
            <End_Time>1620</End_Time>
            <Start_Date>05 Sep 2018</Start_Date>
            <End_Date>07 Dec 2018</End_Date>
            <Room>DTC 552</Room>
            <Max>25</Max>
            <Act>25</Act>
            <Hrs>2.83</Hrs>
            <Teacher>Hajikolaei, Kambiz Haji</Teacher>
        </Course>
        <Course>
            <Name>ORGB1100</Name>
            <Day>Wed</Day>
            <Start_Time>830</Start_Time>
            <End_Time>1050</End_Time>
            <Start_Date>05 Sep 2018</Start_Date>
            <End_Date>07 Dec 2018</End_Date>
            <Room>DTC 676</Room>
            <Max>25</Max>
            <Act>25</Act>
            <Hrs>2.33</Hrs>
            <Teacher>Morgan, Peter A</Teacher>
        </Course>
    </set_1_C>
    <set_2_A>
        <Course>
            <Name>ACIT2420</Name>
            <Day>Tue</Day>
            <Start_Time>830</Start_Time>
            <End_Time>1120</End_Time>
            <Start_Date>05 Sep 2018</Start_Date>
            <End_Date>07 Dec 2018</End_Date>
            <Room>DTC 581</Room>
            <Max>25</Max>
            <Act>24</Act>
            <Hrs>2.83</Hrs>
            <Teacher>Parry, James</Teacher>
        </Course>
        <Course>
            <Name>ACIT2515</Name>
            <Day>Mon</Day>
            <Start_Time>1330</Start_Time>
            <End_Time>1620</End_Time>
            <Start_Date>05 Sep 2018</Start_Date>
            <End_Date>07 Dec 2018</End_Date>
            <Room>DTC 652</Room>
            <Max>25</Max>
            <Act>21</Act>
            <Hrs>2.83</Hrs>
            <Teacher>Mulder, Mike</Teacher>
        </Course>
        <Course>
            <Name>ACIT2520</Name>
            <Day>Wed</Day>
            <Start_Time>830</Start_Time>
            <End_Time>1120</End_Time>
            <Start_Date>05 Sep 2018</Start_Date>
            <End_Date>07 Dec 2018</End_Date>
            <Room>DTC 581</Room>
            <Max>25</Max>
            <Act>24</Act>
            <Hrs>2.83</Hrs>
            <Teacher>Aibin, Michal</Teacher>
        </Course>
        <Course>
            <Name>ACIT2620</Name>
            <Day>Thu</Day>
            <Start_Time>1330</Start_Time>
            <End_Time>1620</End_Time>
            <Start_Date>05 Sep 2018</Start_Date>
            <End_Date>07 Dec 2018</End_Date>
            <Room>DTC 590</Room>
            <Max>25</Max>
            <Act>22</Act>
            <Hrs>2.83</Hrs>
            <Teacher>Lane, Thomas F</Teacher>
        </Course>
        <Course>
            <Name>ACIT2831</Name>
            <Day>Fri</Day>
            <Start_Time>830</Start_Time>
            <End_Time>1120</End_Time>
            <Start_Date>05 Sep 2018</Start_Date>
            <End_Date>07 Dec 2018</End_Date>
            <Room>DTC 590</Room>
            <Max>25</Max>
            <Act>24</Act>
            <Hrs>2.83</Hrs>
            <Teacher>Lord, Trevor Dean</Teacher>
        </Course>
        <Course>
            <Name>COMM2216</Name>
            <Day>Thu</Day>
            <Start_Time>830</Start_Time>
            <End_Time>1120</End_Time>
            <Start_Date>05 Sep 2018</Start_Date>
            <End_Date>07 Dec 2018</End_Date>
            <Room>DTC 652</Room>
            <Max>25</Max>
            <Act>24</Act>
            <Hrs>2.83</Hrs>
            <Teacher>Jamensky, Derek Allan</Teacher>
        </Course>
        <Course>
            <Name>MATH1350</Name>
            <Day>Mon</Day>
            <Start_Time>830</Start_Time>
            <End_Time>1120</End_Time>
            <Start_Date>05 Sep 2018</Start_Date>
            <End_Date>07 Dec 2018</End_Date>
            <Room>DTC 552</Room>
            <Max>25</Max>
            <Act>25</Act>
            <Hrs>2.83</Hrs>
            <Teacher>Hajikolaei, Kambiz Haji</Teacher>
        </Course>
    </set_2_A>
    <set_2_B>
        <Course>
            <Name>ACIT2420</Name>
            <Day>Wed</Day>
            <Start_Time>1130</Start_Time>
            <End_Time>1420</End_Time>
            <Start_Date>05 Sep 2018</Start_Date>
            <End_Date>07 Dec 2018</End_Date>
            <Room>DTC 581</Room>
            <Max>25</Max>
            <Act>22</Act>
            <Hrs>2.83</Hrs>
            <Teacher>Parry, James</Teacher>
        </Course>
        <Course>
            <Name>ACIT2515</Name>
            <Day>Mon</Day>
            <Start_Time>830</Start_Time>
            <End_Time>1120</End_Time>
            <Start_Date>05 Sep 2018</Start_Date>
            <End_Date>07 Dec 2018</End_Date>
            <Room>DTC 652</Room>
            <Max>25</Max>
            <Act>17</Act>
            <Hrs>2.83</Hrs>
            <Teacher>Mulder, Mike</Teacher>
        </Course>
        <Course>
            <Name>ACIT2520</Name>
            <Day>Tue</Day>
            <Start_Time>1330</Start_Time>
            <End_Time>1620</End_Time>
            <Start_Date>05 Sep 2018</Start_Date>
            <End_Date>07 Dec 2018</End_Date>
            <Room>DTC 581</Room>
            <Max>25</Max>
            <Act>17</Act>
            <Hrs>2.83</Hrs>
            <Teacher>Parry, James</Teacher>
        </Course>
        <Course>
            <Name>ACIT2620</Name>
            <Day>Thu</Day>
            <Start_Time>830</Start_Time>
            <End_Time>1120</End_Time>
            <Start_Date>05 Sep 2018</Start_Date>
            <End_Date>07 Dec 2018</End_Date>
            <Room>DTC 578</Room>
            <Max>25</Max>
            <Act>13</Act>
            <Hrs>2.83</Hrs>
            <Teacher>Lane, Thomas F</Teacher>
        </Course>
        <Course>
            <Name>ACIT2831</Name>
            <Day>Fri</Day>
            <Start_Time>1330</Start_Time>
            <End_Time>1620</End_Time>
            <Start_Date>05 Sep 2018</Start_Date>
            <End_Date>07 Dec 2018</End_Date>
            <Room>DTC 578</Room>
            <Max>25</Max>
            <Act>19</Act>
            <Hrs>2.83</Hrs>
            <Teacher>Lord, Trevor Dean</Teacher>
        </Course>
        <Course>
            <Name>COMM2216</Name>
            <Day>Thu</Day>
            <Start_Time>1330</Start_Time>
            <End_Time>1620</End_Time>
            <Start_Date>05 Sep 2018</Start_Date>
            <End_Date>07 Dec 2018</End_Date>
            <Room>DTC 652</Room>
            <Max>25</Max>
            <Act>16</Act>
            <Hrs>2.83</Hrs>
            <Teacher>Jamensky, Derek Allan</Teacher>
        </Course>
        <Course>
            <Name>MATH1350</Name>
            <Day>Mon</Day>
            <Start_Time>1330</Start_Time>
            <End_Time>1620</End_Time>
            <Start_Date>05 Sep 2018</Start_Date>
            <End_Date>07 Dec 2018</End_Date>
            <Room>DTC 552</Room>
            <Max>25</Max>
            <Act>18</Act>
            <Hrs>2.83</Hrs>
            <Teacher>Hajikolaei, Kambiz Haji</Teacher>
        </Course>
    </set_2_B>
    <set_3_A>
        <Course>
            <Name>ACIT3420</Name>
            <Day>Mon</Day>
            <Start_Time>830</Start_Time>
            <End_Time>1120</End_Time>
            <Start_Date>05 Sep 2018</Start_Date>
            <End_Date>07 Dec 2018</End_Date>
            <Room>DTC 578</Room>
            <Max>25</Max>
            <Act>24</Act>
            <Hrs>2.83</Hrs>
            <Teacher>Zhang, Lei</Teacher>
        </Course>
        <Course>
            <Name>ACIT3475</Name>
            <Day>Thu</Day>
            <Start_Time>830</Start_Time>
            <End_Time>1120</End_Time>
            <Start_Date>05 Sep 2018</Start_Date>
            <End_Date>07 Dec 2018</End_Date>
            <Room>DTC</Room>
            <Max>25</Max>
            <Act>0</Act>
            <Hrs>2.83</Hrs>
            <Teacher>,</Teacher>
        </Course>
        <Course>
            <Name>ACIT3640</Name>
            <Day>Tue</Day>
            <Start_Time>1330</Start_Time>
            <End_Time>1620</End_Time>
            <Start_Date>05 Sep 2018</Start_Date>
            <End_Date>07 Dec 2018</End_Date>
            <Room>DTC 578</Room>
            <Max>25</Max>
            <Act>25</Act>
            <Hrs>2.83</Hrs>
            <Teacher>Klug, Bill</Teacher>
        </Course>
        <Course>
            <Name>ACIT3645</Name>
            <Day>Thu</Day>
            <Start_Time>1330</Start_Time>
            <End_Time>1620</End_Time>
            <Start_Date>05 Sep 2018</Start_Date>
            <End_Date>07 Dec 2018</End_Date>
            <Room>DTC 578</Room>
            <Max>25</Max>
            <Act>22</Act>
            <Hrs>2.83</Hrs>
            <Teacher>O'Connor, Flynn</Teacher>
        </Course>
        <Course>
            <Name>ACIT3771</Name>
            <Day>Mon</Day>
            <Start_Time>1330</Start_Time>
            <End_Time>1620</End_Time>
            <Start_Date>05 Sep 2018</Start_Date>
            <End_Date>07 Dec 2018</End_Date>
            <Room>DTC 590</Room>
            <Max>25</Max>
            <Act>22</Act>
            <Hrs>2.83</Hrs>
            <Teacher>Shah, Vidhi</Teacher>
        </Course>
        <Course>
            <Name>ACIT3900</Name>
            <Day>Fri</Day>
            <Start_Time>1330</Start_Time>
            <End_Time>1620</End_Time>
            <Start_Date>05 Sep 2018</Start_Date>
            <End_Date>07 Dec 2018</End_Date>
            <Room>DTC 590</Room>
            <Max>25</Max>
            <Act>20</Act>
            <Hrs>2.83</Hrs>
            <Teacher>Aibin, Michal</Teacher>
        </Course>
        <Course>
            <Name>ACIT3910</Name>
            <Day>Tue</Day>
            <Start_Time>830</Start_Time>
            <End_Time>1120</End_Time>
            <Start_Date>05 Sep 2018</Start_Date>
            <End_Date>07 Dec 2018</End_Date>
            <Room>DTC 590</Room>
            <Max>25</Max>
            <Act>24</Act>
            <Hrs>2.83</Hrs>
            <Teacher>Guichon, Patrick J</Teacher>
        </Course>
    </set_3_A>
    <set_3_B>
        <Course>
            <Name>ACIT3420</Name>
            <Day>Mon</Day>
            <Start_Time>1330</Start_Time>
            <End_Time>1620</End_Time>
            <Start_Date>05 Sep 2018</Start_Date>
            <End_Date>07 Dec 2018</End_Date>
            <Room>DTC 578</Room>
            <Max>25</Max>
            <Act>20</Act>
            <Hrs>2.83</Hrs>
            <Teacher>Zhang, Lei</Teacher>
        </Course>
        <Course>
            <Name>ACIT3640</Name>
            <Day>Tue</Day>
            <Start_Time>830</Start_Time>
            <End_Time>1120</End_Time>
            <Start_Date>05 Sep 2018</Start_Date>
            <End_Date>07 Dec 2018</End_Date>
            <Room>DTC 578</Room>
            <Max>25</Max>
            <Act>19</Act>
            <Hrs>2.83</Hrs>
            <Teacher>Klug, Bill</Teacher>
        </Course>
        <Course>
            <Name>ACIT3650</Name>
            <Day>Thu</Day>
            <Start_Time>830</Start_Time>
            <End_Time>1120</End_Time>
            <Start_Date>05 Sep 2018</Start_Date>
            <End_Date>07 Dec 2018</End_Date>
            <Room>DTC 581</Room>
            <Max>25</Max>
            <Act>39</Act>
            <Hrs>2.83</Hrs>
            <Teacher>Aibin, Michal</Teacher>
        </Course>
        <Course>
            <Name>ACIT3771</Name>
            <Day>Mon</Day>
            <Start_Time>830</Start_Time>
            <End_Time>1120</End_Time>
            <Start_Date>05 Sep 2018</Start_Date>
            <End_Date>07 Dec 2018</End_Date>
            <Room>DTC 590</Room>
            <Max>25</Max>
            <Act>19</Act>
            <Hrs>2.83</Hrs>
            <Teacher>Shah, Vidhi</Teacher>
        </Course>
        <Course>
            <Name>ACIT3895</Name>
            <Day>Thu</Day>
            <Start_Time>1330</Start_Time>
            <End_Time>1620</End_Time>
            <Start_Date>05 Sep 2018</Start_Date>
            <End_Date>07 Dec 2018</End_Date>
            <Room>DTC 581</Room>
            <Max>25</Max>
            <Act>19</Act>
            <Hrs>2.83</Hrs>
            <Teacher>Aibin, Michal</Teacher>
        </Course>
        <Course>
            <Name>ACIT3900</Name>
            <Day>Fri</Day>
            <Start_Time>830</Start_Time>
            <End_Time>1120</End_Time>
            <Start_Date>05 Sep 2018</Start_Date>
            <End_Date>07 Dec 2018</End_Date>
            <Room>DTC 581</Room>
            <Max>25</Max>
            <Act>20</Act>
            <Hrs>2.83</Hrs>
            <Teacher>Aibin, Michal</Teacher>
        </Course>
        <Course>
            <Name>ACIT3910</Name>
            <Day>Tue</Day>
            <Start_Time>1330</Start_Time>
            <End_Time>1620</End_Time>
            <Start_Date>05 Sep 2018</Start_Date>
            <End_Date>07 Dec 2018</End_Date>
            <Room>DTC 552</Room>
            <Max>25</Max>
            <Act>19</Act>
            <Hrs>2.83</Hrs>
            <Teacher>Guichon, Patrick J</Teacher>
        </Course>
    </set_3_B>
</classes>